"clan","session","date","time","aggressor","recip"
"hz","S16014",2015-01-03,"2018-01-01 17:52:00","clus","lole"
"hz","S16014",2015-01-03,"2018-01-01 17:52:00","clus","savy"
"hz","S16014",2015-01-03,"2018-01-01 17:52:00","clus","cokl"
"hz","S16014",2015-01-03,"2018-01-01 17:52:00","cokl","savy"
"hz","S16014",2015-01-03,"2018-01-01 17:52:00","clus","cokl"
"hz","S16014",2015-01-03,"2018-01-01 17:59:00","cokl","puff"
"hz","S16014",2015-01-03,"2018-01-01 17:59:00","cokl","puff"
"hz","S16014",2015-01-03,"2018-01-01 17:59:00","clus","cokl"
"hz","S16014",2015-01-03,"2018-01-01 18:00:00","clus","cokl"
"hz","S16014",2015-01-03,"2018-01-01 18:00:00","clus","cokl"
"hz","S16014",2015-01-03,"2018-01-01 18:02:00","savy","boot"
"hz","S16014",2015-01-03,"2018-01-01 18:02:00","savy","boot"
"hz","S16014",2015-01-03,"2018-01-01 18:02:00","savy","boot"
"hz","S16014",2015-01-03,"2018-01-01 18:14:00","clus","cokl"
"hz","S16014",2015-01-03,"2018-01-01 18:14:00","clus","cokl"
"hz","S16014",2015-01-03,"2018-01-01 18:14:00","clus","cokl"
"hz","S16014",2015-01-03,"2018-01-01 18:56:00","clus","puff"
"hz","S16014",2015-01-03,"2018-01-01 18:57:00","puff","boot"
"hz","S16014",2015-01-03,"2018-01-01 18:59:00","boot","cokl"
"hz","S16014",2015-01-03,"2018-01-01 18:59:00","puff","cokl"
"hz","S16014",2015-01-03,"2018-01-01 18:59:00","clus","cokl"
"hz","S16014",2015-01-03,"2018-01-01 18:59:00","lole","cokl"
"hz","S16014",2015-01-03,"2018-01-01 18:59:00","lole","cokl"
"hz","S16014",2015-01-03,"2018-01-01 18:59:00","clus","boot"
"hz","S16014",2015-01-03,"2018-01-01 19:00:00","clus","cokl"
"hz","S16014",2015-01-03,"2018-01-01 19:00:00","savy","cokl"
"hz","S16014",2015-01-03,"2018-01-01 19:00:00","clus","cokl"
"hz","S16014",2015-01-03,"2018-01-01 19:00:00","clus","cokl"
"hz","S16014",2015-01-03,"2018-01-01 19:00:00","clus","cokl"
"hz","S16014",2015-01-03,"2018-01-01 19:00:00","cokl","savy"
"hz","S16014",2015-01-03,"2018-01-01 19:00:00","savy","cokl"
"hz","S16014",2015-01-03,"2018-01-01 19:00:00","cokl","savy"
"hz","S16014",2015-01-03,"2018-01-01 19:00:00","savy","cokl"
"hz","S16014",2015-01-03,"2018-01-01 19:00:00","cokl","savy"
"hz","S16014",2015-01-03,"2018-01-01 19:00:00","savy","cokl"
"hz","S16014",2015-01-03,"2018-01-01 19:00:00","cokl","savy"
"hz","S16014",2015-01-03,"2018-01-01 19:00:00","savy","cokl"
"hz","S16014",2015-01-03,"2018-01-01 19:00:00","savy","cokl"
"hz","S16014",2015-01-03,"2018-01-01 19:00:00","savy","cokl"
"hz","S16014",2015-01-03,"2018-01-01 19:00:00","savy","cokl"
"hz","S16014",2015-01-03,"2018-01-01 19:00:00","clus","boot"
"hz","S16014",2015-01-03,"2018-01-01 19:00:00","savy","cokl"
"hz","S16014",2015-01-03,"2018-01-01 19:00:00","savy","cokl"
"hz","S16014",2015-01-03,"2018-01-01 19:00:00","savy","cokl"
"hz","S16014",2015-01-03,"2018-01-01 19:00:00","savy","cokl"
"hz","S16014",2015-01-03,"2018-01-01 19:03:00","savy","cokl"
"hz","S16014",2015-01-03,"2018-01-01 19:03:00","savy","cokl"
"hz","S16014",2015-01-03,"2018-01-01 19:03:00","cokl","savy"
"hz","S16014",2015-01-03,"2018-01-01 19:03:00","cokl","savy"
"hz","S16014",2015-01-03,"2018-01-01 19:03:00","savy","cokl"
"hz","S16014",2015-01-03,"2018-01-01 19:04:00","cokl","lole"
"hz","S16014",2015-01-03,"2018-01-01 19:04:00","lole","cokl"
"hz","S16014",2015-01-03,"2018-01-01 19:04:00","cokl","lole"
"hz","S16014",2015-01-03,"2018-01-01 19:04:00","clus","cokl"
"hz","S16014",2015-01-03,"2018-01-01 19:04:00","clus","cokl"
"hz","S16014",2015-01-03,"2018-01-01 19:04:00","clus","cokl"
"hz","S16014",2015-01-03,"2018-01-01 19:04:00","clus","cokl"
"hz","S16014",2015-01-03,"2018-01-01 19:04:00","cokl","savy"
"hz","S16014",2015-01-03,"2018-01-01 19:04:00","clus","cokl"
"hz","S16014",2015-01-03,"2018-01-01 19:05:00","clus","cokl"
"hz","S16014",2015-01-03,"2018-01-01 19:05:00","puff","cokl"
"hz","S16014",2015-01-03,"2018-01-01 19:05:00","puff","cokl"
"hz","S16014",2015-01-03,"2018-01-01 19:05:00","cokl","puff"
"hz","S16014",2015-01-03,"2018-01-01 19:05:00","cokl","puff"
"hz","S16014",2015-01-03,"2018-01-01 19:05:00","cokl","puff"
"hz","S16014",2015-01-03,"2018-01-01 19:05:00","cokl","puff"
"hz","S16014",2015-01-03,"2018-01-01 19:05:00","puff","cokl"
"hz","S16014",2015-01-03,"2018-01-01 19:05:00","cokl","puff"
"hz","S16014",2015-01-03,"2018-01-01 19:05:00","cokl","puff"
"hz","S16014",2015-01-03,"2018-01-01 19:05:00","clus","cokl"
"hz","S16014",2015-01-03,"2018-01-01 19:06:00","puff","cokl"
"hz","S16014",2015-01-03,"2018-01-01 19:07:00","boot","cokl"
"hz","S16014",2015-01-03,"2018-01-01 19:07:00","cokl","boot"
"hz","S16014",2015-01-03,"2018-01-01 19:07:00","boot","cokl"
"hz","S16014",2015-01-03,"2018-01-01 19:07:00","cokl","boot"
"hz","S16014",2015-01-03,"2018-01-01 19:07:00","clus","cokl"
"hz","S16014",2015-01-03,"2018-01-01 19:14:00","cokl","lole"
"hz","S16014",2015-01-03,"2018-01-01 19:14:00","cokl","lole"
"hz","S16014",2015-01-03,"2018-01-01 19:14:00","cokl","lole"
"hz","S16014",2015-01-03,"2018-01-01 19:15:00","lole","savy"
"hz","S16014",2015-01-03,"2018-01-01 19:27:00","clus","lole"
"hz","S16014",2015-01-03,"2018-01-01 19:27:00","clus","lole"
"hz","S16018",2015-01-05,"2018-01-01 18:09:00","clus","puff"
"hz","S16018",2015-01-05,"2018-01-01 18:09:00","clus","puff"
"hz","S16018",2015-01-05,"2018-01-01 18:14:00","smag","puff"
"hz","S16018",2015-01-05,"2018-01-01 18:17:00","smag","puff"
"hz","S16018",2015-01-05,"2018-01-01 18:45:00","cokl","savy"
"hz","S16018",2015-01-05,"2018-01-01 18:45:00","cokl","savy"
"hz","S16018",2015-01-05,"2018-01-01 18:45:00","cokl","savy"
"hz","S16018",2015-01-05,"2018-01-01 18:46:00","cokl","savy"
"hz","S16018",2015-01-05,"2018-01-01 18:48:00","lole","savy"
"hz","S16024",2015-01-08,"2018-01-01 18:26:00","smag","puff"
"hz","S16025",2015-01-09,"2018-01-01 17:50:00","cokl","savy"
"hz","S16025",2015-01-09,"2018-01-01 17:50:00","cokl","boot"
"hz","S16025",2015-01-09,"2018-01-01 17:53:00","smag","cokl"
"hz","S16025",2015-01-09,"2018-01-01 17:54:00","boot","smag"
"hz","S16025",2015-01-09,"2018-01-01 18:39:00","clus","lole"
"hz","S16025",2015-01-09,"2018-01-01 18:39:00","clus","lole"
"hz","S16031",2015-01-10,"2018-01-01 18:46:00","savy","lole"
"hz","S16031",2015-01-10,"2018-01-01 18:46:00","clus","lole"
"hz","S16031",2015-01-10,"2018-01-01 18:46:00","savy","lole"
"hz","S16031",2015-01-10,"2018-01-01 18:46:00","lole","cokl"
"hz","S16031",2015-01-10,"2018-01-01 18:48:00","lole","cokl"
"hz","S16031",2015-01-10,"2018-01-01 18:50:00","savy","lole"
"hz","S16034",2015-01-11,"2018-01-01 17:54:00","puff","savy"
"hz","S16044",2015-01-12,"2018-01-01 18:32:00","boot","smag"
"hz","S16044",2015-01-12,"2018-01-01 18:33:00","boot","puff"
"hz","S16044",2015-01-12,"2018-01-01 18:34:00","boot","puff"
"hz","S16044",2015-01-12,"2018-01-01 18:34:00","boot","puff"
"hz","S16044",2015-01-12,"2018-01-01 18:34:00","boot","puff"
"hz","S16044",2015-01-12,"2018-01-01 18:59:00","savy","clus"
"hz","S16044",2015-01-12,"2018-01-01 19:06:00","savy","lole"
"hz","S16046",2015-01-14,"2018-01-01 17:33:00","lole","cokl"
"hz","S16046",2015-01-14,"2018-01-01 17:36:00","lole","cokl"
"hz","S16046",2015-01-14,"2018-01-01 17:36:00","lole","cokl"
"hz","S16046",2015-01-14,"2018-01-01 17:36:00","lole","cokl"
"hz","S16046",2015-01-14,"2018-01-01 17:36:00","clus","lole"
"hz","S16046",2015-01-14,"2018-01-01 17:38:00","lole","smag"
"hz","S16046",2015-01-14,"2018-01-01 17:38:00","lole","smag"
"hz","S16046",2015-01-14,"2018-01-01 17:38:00","lole","smag"
"hz","S16046",2015-01-14,"2018-01-01 17:46:00","lole","smag"
"hz","S16046",2015-01-14,"2018-01-01 17:47:00","lole","smag"
"hz","S16046",2015-01-14,"2018-01-01 17:47:00","lole","smag"
"hz","S16046",2015-01-14,"2018-01-01 17:48:00","lole","puff"
"hz","S16046",2015-01-14,"2018-01-01 17:49:00","boot","smag"
"hz","S16046",2015-01-14,"2018-01-01 17:49:00","lole","cokl"
"hz","S16046",2015-01-14,"2018-01-01 17:50:00","boot","cokl"
"hz","S16046",2015-01-14,"2018-01-01 17:50:00","boot","cokl"
"hz","S16046",2015-01-14,"2018-01-01 17:50:00","smag","cokl"
"hz","S16046",2015-01-14,"2018-01-01 17:51:00","cokl","boot"
"hz","S16046",2015-01-14,"2018-01-01 18:06:00","savy","boot"
"hz","S16046",2015-01-14,"2018-01-01 18:25:00","clus","cokl"
"hz","S16048",2015-01-15,"2018-01-01 17:51:00","savy","boot"
"hz","S16048",2015-01-15,"2018-01-01 17:51:00","savy","boot"
"hz","S16048",2015-01-15,"2018-01-01 17:51:00","savy","boot"
"hz","S16048",2015-01-15,"2018-01-01 17:51:00","savy","boot"
"hz","S16048",2015-01-15,"2018-01-01 18:31:00","savy","puff"
"hz","S16048",2015-01-15,"2018-01-01 18:34:00","savy","boot"
"hz","S16048",2015-01-15,"2018-01-01 18:53:00","boot","lole"
"hz","S16056",2015-01-18,"2018-01-01 06:21:00","savy","boot"
"hz","S16056",2015-01-18,"2018-01-01 06:23:00","boot","smag"
"hz","S16056",2015-01-18,"2018-01-01 06:23:00","savy","boot"
"hz","S16056",2015-01-18,"2018-01-01 06:32:00","savy","boot"
"hz","S16056",2015-01-18,"2018-01-01 06:32:00","savy","boot"
"hz","S16056",2015-01-18,"2018-01-01 06:36:00","savy","puff"
"hz","S16056",2015-01-18,"2018-01-01 06:36:00","boot","puff"
"hz","S16056",2015-01-18,"2018-01-01 06:36:00","boot","puff"
"hz","S16061",2015-01-18,"2018-01-01 17:45:00","clus","lole"
"hz","S16061",2015-01-18,"2018-01-01 18:03:00","savy","boot"
"hz","S16061",2015-01-18,"2018-01-01 18:34:00","boot","savy"
"hz","S16061",2015-01-18,"2018-01-01 18:34:00","savy","boot"
"hz","S16062",2015-01-19,"2018-01-01 06:34:00","savy","puff"
"hz","S16062",2015-01-19,"2018-01-01 06:34:00","boot","puff"
"hz","S16062",2015-01-19,"2018-01-01 06:34:00","savy","puff"
"hz","S16062",2015-01-19,"2018-01-01 06:34:00","savy","puff"
"hz","S16062",2015-01-19,"2018-01-01 06:34:00","savy","puff"
"hz","S16062",2015-01-19,"2018-01-01 06:35:00","savy","boot"
"hz","S16072",2015-01-23,"2018-01-01 18:18:00","savy","boot"
"hz","S16074",2015-01-25,"2018-01-01 18:31:00","smag","boot"
"hz","S16074",2015-01-25,"2018-01-01 18:31:00","puff","boot"
"hz","S16074",2015-01-25,"2018-01-01 19:26:00","clus","lole"
"hz","S16074",2015-01-25,"2018-01-01 19:26:00","clus","smag"
"hz","S16078",2015-01-27,"2018-01-01 18:51:00","savy","clus"
"hz","S16078",2015-01-27,"2018-01-01 18:51:00","boot","puff"
"hz","S16078",2015-01-27,"2018-01-01 18:52:00","savy","clus"
"hz","S16078",2015-01-27,"2018-01-01 18:52:00","savy","lole"
"hz","S16078",2015-01-27,"2018-01-01 18:52:00","boot","clus"
"hz","S16078",2015-01-27,"2018-01-01 18:52:00","boot","clus"
"hz","S16078",2015-01-27,"2018-01-01 18:53:00","savy","lole"
"hz","S16078",2015-01-27,"2018-01-01 18:54:00","savy","clus"
"hz","S16078",2015-01-27,"2018-01-01 18:54:00","savy","lole"
"hz","S16078",2015-01-27,"2018-01-01 18:54:00","boot","clus"
"hz","S16078",2015-01-27,"2018-01-01 18:54:00","boot","clus"
"hz","S16078",2015-01-27,"2018-01-01 18:54:00","boot","lole"
"hz","S16078",2015-01-27,"2018-01-01 18:54:00","savy","boot"
"hz","S16078",2015-01-27,"2018-01-01 18:55:00","boot","puff"
"hz","S16078",2015-01-27,"2018-01-01 18:56:00","boot","lole"
"hz","S16078",2015-01-27,"2018-01-01 18:57:00","boot","clus"
"hz","S16078",2015-01-27,"2018-01-01 18:57:00","boot","smag"
"hz","S16078",2015-01-27,"2018-01-01 18:58:00","savy","boot"
"hz","S16078",2015-01-27,"2018-01-01 18:59:00","savy","clus"
"hz","S16078",2015-01-27,"2018-01-01 18:59:00","boot","clus"
"hz","S16078",2015-01-27,"2018-01-01 19:17:00","cokl","boot"
"hz","S16078",2015-01-27,"2018-01-01 19:18:00","clus","cokl"
"hz","S16078",2015-01-27,"2018-01-01 19:18:00","boot","cokl"
"hz","S16078",2015-01-27,"2018-01-01 19:32:00","cokl","smag"
"hz","S16082",2015-01-28,"2018-01-01 17:49:00","clus","cokl"
"hz","S16082",2015-01-28,"2018-01-01 17:49:00","savy","clus"
"hz","S16082",2015-01-28,"2018-01-01 17:50:00","clus","cokl"
"hz","S16082",2015-01-28,"2018-01-01 17:50:00","lole","cokl"
"hz","S16082",2015-01-28,"2018-01-01 17:50:00","savy","cokl"
"hz","S16082",2015-01-28,"2018-01-01 17:50:00","savy","smag"
"hz","S16082",2015-01-28,"2018-01-01 17:50:00","savy","cokl"
"hz","S16082",2015-01-28,"2018-01-01 17:50:00","savy","clus"
"hz","S16082",2015-01-28,"2018-01-01 17:51:00","smag","cokl"
"hz","S16082",2015-01-28,"2018-01-01 17:51:00","savy","cokl"
"hz","S16082",2015-01-28,"2018-01-01 17:51:00","savy","cokl"
"hz","S16082",2015-01-28,"2018-01-01 17:51:00","savy","cokl"
"hz","S16082",2015-01-28,"2018-01-01 17:52:00","savy","cokl"
"hz","S16082",2015-01-28,"2018-01-01 17:54:00","savy","clus"
"hz","S16082",2015-01-28,"2018-01-01 17:54:00","savy","clus"
"hz","S16082",2015-01-28,"2018-01-01 17:55:00","savy","smag"
"hz","S16082",2015-01-28,"2018-01-01 17:55:00","lole","puff"
"hz","S16082",2015-01-28,"2018-01-01 18:06:00","boot","cokl"
"hz","S16082",2015-01-28,"2018-01-01 18:06:00","savy","cokl"
"hz","S16082",2015-01-28,"2018-01-01 18:06:00","boot","cokl"
"hz","S16082",2015-01-28,"2018-01-01 18:06:00","boot","cokl"
"hz","S16082",2015-01-28,"2018-01-01 18:07:00","lole","cokl"
"hz","S16082",2015-01-28,"2018-01-01 18:07:00","savy","cokl"
"hz","S16082",2015-01-28,"2018-01-01 18:07:00","clus","cokl"
"hz","S16082",2015-01-28,"2018-01-01 18:08:00","boot","cokl"
"hz","S16082",2015-01-28,"2018-01-01 18:08:00","lole","cokl"
"hz","S16082",2015-01-28,"2018-01-01 18:08:00","lole","cokl"
"hz","S16082",2015-01-28,"2018-01-01 18:08:00","clus","cokl"
"hz","S16082",2015-01-28,"2018-01-01 18:13:00","savy","cokl"
"hz","S16082",2015-01-28,"2018-01-01 18:16:00","boot","puff"
"hz","S16082",2015-01-28,"2018-01-01 18:16:00","boot","cokl"
"hz","S16082",2015-01-28,"2018-01-01 18:16:00","savy","cokl"
"hz","S16082",2015-01-28,"2018-01-01 18:18:00","boot","lole"
"hz","S16082",2015-01-28,"2018-01-01 18:18:00","boot","clus"
"hz","S16082",2015-01-28,"2018-01-01 18:18:00","boot","clus"
"hz","S16082",2015-01-28,"2018-01-01 18:20:00","boot","cokl"
"hz","S16082",2015-01-28,"2018-01-01 18:20:00","boot","cokl"
"hz","S16082",2015-01-28,"2018-01-01 18:20:00","boot","cokl"
"hz","S16082",2015-01-28,"2018-01-01 18:24:00","lole","cokl"
"hz","S16082",2015-01-28,"2018-01-01 18:24:00","lole","cokl"
"hz","S16082",2015-01-28,"2018-01-01 18:24:00","lole","cokl"
"hz","S16082",2015-01-28,"2018-01-01 18:24:00","lole","cokl"
"hz","S16082",2015-01-28,"2018-01-01 18:28:00","boot","smag"
"hz","S16082",2015-01-28,"2018-01-01 18:57:00","boot","lole"
"hz","S16087",2015-01-29,"2018-01-01 18:31:00","savy","clus"
"hz","S16087",2015-01-29,"2018-01-01 18:31:00","savy","cokl"
"hz","S16087",2015-01-29,"2018-01-01 18:31:00","savy","lole"
"hz","S16087",2015-01-29,"2018-01-01 18:31:00","savy","boot"
"hz","S16087",2015-01-29,"2018-01-01 18:31:00","savy","smag"
"hz","S16087",2015-01-29,"2018-01-01 18:31:00","savy","smag"
"hz","S16087",2015-01-29,"2018-01-01 18:31:00","boot","lole"
"hz","S16087",2015-01-29,"2018-01-01 18:32:00","lole","cokl"
"hz","S16087",2015-01-29,"2018-01-01 18:32:00","savy","cokl"
"hz","S16087",2015-01-29,"2018-01-01 18:32:00","clus","cokl"
"hz","S16087",2015-01-29,"2018-01-01 18:32:00","savy","smag"
"hz","S16087",2015-01-29,"2018-01-01 18:32:00","lole","cokl"
"hz","S16087",2015-01-29,"2018-01-01 18:32:00","lole","cokl"
"hz","S16087",2015-01-29,"2018-01-01 18:32:00","clus","cokl"
"hz","S16087",2015-01-29,"2018-01-01 18:32:00","savy","cokl"
"hz","S16087",2015-01-29,"2018-01-01 18:32:00","lole","cokl"
"hz","S16087",2015-01-29,"2018-01-01 18:32:00","savy","clus"
"hz","S16087",2015-01-29,"2018-01-01 18:32:00","boot","clus"
"hz","S16087",2015-01-29,"2018-01-01 18:33:00","clus","cokl"
"hz","S16087",2015-01-29,"2018-01-01 18:33:00","clus","cokl"
"hz","S16087",2015-01-29,"2018-01-01 18:33:00","savy","cokl"
"hz","S16087",2015-01-29,"2018-01-01 18:33:00","boot","lole"
"hz","S16087",2015-01-29,"2018-01-01 18:33:00","savy","cokl"
"hz","S16087",2015-01-29,"2018-01-01 18:34:00","boot","cokl"
"hz","S16087",2015-01-29,"2018-01-01 18:34:00","clus","cokl"
"hz","S16087",2015-01-29,"2018-01-01 18:34:00","clus","cokl"
"hz","S16087",2015-01-29,"2018-01-01 18:34:00","clus","cokl"
"hz","S16087",2015-01-29,"2018-01-01 18:36:00","clus","lole"
"hz","S16087",2015-01-29,"2018-01-01 18:36:00","clus","lole"
"hz","S16087.10",2015-01-31,"2018-01-01 18:18:00","boot","lole"
"hz","S16087.10",2015-01-31,"2018-01-01 18:19:00","boot","smag"
"hz","S16087.10",2015-01-31,"2018-01-01 18:19:00","boot","smag"
"hz","S16087.10",2015-01-31,"2018-01-01 18:19:00","boot","smag"
"hz","S16087.10",2015-01-31,"2018-01-01 18:19:00","boot","smag"
"hz","S16087.10",2015-01-31,"2018-01-01 18:19:00","boot","smag"
"hz","S16096",2015-02-01,"2018-01-01 17:45:00","lole","cokl"
"hz","S16096",2015-02-01,"2018-01-01 17:45:00","lole","cokl"
"hz","S16096",2015-02-01,"2018-01-01 17:45:00","lole","cokl"
"hz","S16096",2015-02-01,"2018-01-01 17:54:00","clus","cokl"
"hz","S16096",2015-02-01,"2018-01-01 17:54:00","clus","cokl"
"hz","S16096",2015-02-01,"2018-01-01 17:54:00","clus","cokl"
"hz","S16096",2015-02-01,"2018-01-01 17:54:00","boot","cokl"
"hz","S16096",2015-02-01,"2018-01-01 17:54:00","clus","cokl"
"hz","S16096",2015-02-01,"2018-01-01 17:54:00","clus","cokl"
"hz","S16096",2015-02-01,"2018-01-01 17:54:00","clus","cokl"
"hz","S16096",2015-02-01,"2018-01-01 17:55:00","clus","lole"
"hz","S16096",2015-02-01,"2018-01-01 17:55:00","boot","cokl"
"hz","S16096",2015-02-01,"2018-01-01 17:55:00","clus","cokl"
"hz","S16096",2015-02-01,"2018-01-01 17:55:00","clus","cokl"
"hz","S16096",2015-02-01,"2018-01-01 17:55:00","boot","lole"
"hz","S16096",2015-02-01,"2018-01-01 17:55:00","boot","lole"
"hz","S16096",2015-02-01,"2018-01-01 17:55:00","clus","cokl"
"hz","S16096",2015-02-01,"2018-01-01 17:55:00","boot","cokl"
"hz","S16096",2015-02-01,"2018-01-01 17:55:00","clus","cokl"
"hz","S16096",2015-02-01,"2018-01-01 17:55:00","boot","cokl"
"hz","S16096",2015-02-01,"2018-01-01 17:56:00","clus","cokl"
"hz","S16096",2015-02-01,"2018-01-01 17:56:00","clus","cokl"
"hz","S16096",2015-02-01,"2018-01-01 17:56:00","clus","cokl"
"hz","S16096",2015-02-01,"2018-01-01 17:56:00","clus","cokl"
"hz","S16096",2015-02-01,"2018-01-01 17:56:00","clus","cokl"
"hz","S16096",2015-02-01,"2018-01-01 17:56:00","clus","cokl"
"hz","S16096",2015-02-01,"2018-01-01 17:56:00","boot","cokl"
"hz","S16096",2015-02-01,"2018-01-01 17:56:00","boot","clus"
"hz","S16096",2015-02-01,"2018-01-01 17:56:00","boot","clus"
"hz","S16096",2015-02-01,"2018-01-01 17:56:00","clus","cokl"
"hz","S16096",2015-02-01,"2018-01-01 17:57:00","clus","cokl"
"hz","S16096",2015-02-01,"2018-01-01 17:57:00","savy","cokl"
"hz","S16096",2015-02-01,"2018-01-01 17:57:00","boot","cokl"
"hz","S16096",2015-02-01,"2018-01-01 17:57:00","savy","cokl"
"hz","S16096",2015-02-01,"2018-01-01 17:57:00","boot","lole"
"hz","S16096",2015-02-01,"2018-01-01 17:57:00","clus","lole"
"hz","S16096",2015-02-01,"2018-01-01 17:57:00","lole","cokl"
"hz","S16096",2015-02-01,"2018-01-01 17:58:00","boot","puff"
"hz","S16096",2015-02-01,"2018-01-01 17:58:00","boot","puff"
"hz","S16096",2015-02-01,"2018-01-01 17:58:00","savy","boot"
"hz","S16096",2015-02-01,"2018-01-01 17:58:00","clus","cokl"
"hz","S16096",2015-02-01,"2018-01-01 17:59:00","savy","clus"
"hz","S16096",2015-02-01,"2018-01-01 17:59:00","savy","cokl"
"hz","S16096",2015-02-01,"2018-01-01 17:59:00","puff","cokl"
"hz","S16096",2015-02-01,"2018-01-01 17:59:00","savy","clus"
"hz","S16096",2015-02-01,"2018-01-01 17:59:00","savy","clus"
"hz","S16096",2015-02-01,"2018-01-01 17:59:00","boot","smag"
"hz","S16096",2015-02-01,"2018-01-01 17:59:00","boot","smag"
"hz","S16096",2015-02-01,"2018-01-01 17:59:00","clus","cokl"
"hz","S16096",2015-02-01,"2018-01-01 17:59:00","boot","smag"
"hz","S16096",2015-02-01,"2018-01-01 18:00:00","savy","cokl"
"hz","S16096",2015-02-01,"2018-01-01 18:00:00","boot","cokl"
"hz","S16096",2015-02-01,"2018-01-01 18:00:00","clus","cokl"
"hz","S16096",2015-02-01,"2018-01-01 18:00:00","clus","cokl"
"hz","S16096",2015-02-01,"2018-01-01 18:00:00","savy","cokl"
"hz","S16096",2015-02-01,"2018-01-01 18:00:00","clus","cokl"
"hz","S16096",2015-02-01,"2018-01-01 18:00:00","boot","cokl"
"hz","S16096",2015-02-01,"2018-01-01 18:00:00","savy","lole"
"hz","S16096",2015-02-01,"2018-01-01 18:00:00","savy","clus"
"hz","S16096",2015-02-01,"2018-01-01 18:01:00","smag","cokl"
"hz","S16096",2015-02-01,"2018-01-01 18:01:00","savy","cokl"
"hz","S16096",2015-02-01,"2018-01-01 18:05:00","boot","smag"
"hz","S16096",2015-02-01,"2018-01-01 18:05:00","boot","puff"
"hz","S16096",2015-02-01,"2018-01-01 18:05:00","boot","puff"
"hz","S16096",2015-02-01,"2018-01-01 18:05:00","clus","puff"
"hz","S16096",2015-02-01,"2018-01-01 18:05:00","clus","cokl"
"hz","S16096",2015-02-01,"2018-01-01 18:05:00","boot","cokl"
"hz","S16096",2015-02-01,"2018-01-01 18:05:00","savy","boot"
"hz","S16096",2015-02-01,"2018-01-01 18:05:00","savy","boot"
"hz","S16096",2015-02-01,"2018-01-01 18:05:00","savy","boot"
"hz","S16096",2015-02-01,"2018-01-01 18:06:00","boot","clus"
"hz","S16096",2015-02-01,"2018-01-01 18:06:00","clus","cokl"
"hz","S16096",2015-02-01,"2018-01-01 18:07:00","boot","clus"
"hz","S16096",2015-02-01,"2018-01-01 18:07:00","boot","clus"
"hz","S16096",2015-02-01,"2018-01-01 18:07:00","boot","cokl"
"hz","S16096",2015-02-01,"2018-01-01 18:07:00","boot","puff"
"hz","S16096",2015-02-01,"2018-01-01 18:09:00","clus","lole"
"hz","S16096",2015-02-01,"2018-01-01 18:09:00","clus","lole"
"hz","S16096",2015-02-01,"2018-01-01 18:09:00","boot","clus"
"hz","S16096",2015-02-01,"2018-01-01 18:09:00","boot","clus"
"hz","S16100",2015-02-03,"2018-01-01 17:38:00","boot","cokl"
"hz","S16100",2015-02-03,"2018-01-01 17:38:00","boot","puff"
"hz","S16100",2015-02-03,"2018-01-01 17:43:00","boot","clus"
"hz","S16100",2015-02-03,"2018-01-01 17:43:00","boot","puff"
"hz","S16100",2015-02-03,"2018-01-01 17:55:00","savy","boot"
"hz","S16102",2015-02-05,"2018-01-01 18:01:00","savy","boot"
"hz","S16102",2015-02-05,"2018-01-01 18:02:00","lole","cokl"
"hz","S16102",2015-02-05,"2018-01-01 18:15:00","lole","smag"
"hz","S16102",2015-02-05,"2018-01-01 18:17:00","lole","cokl"
"hz","S16102",2015-02-05,"2018-01-01 18:19:00","boot","clus"
"hz","S16102",2015-02-05,"2018-01-01 18:19:00","savy","boot"
"hz","S16102",2015-02-05,"2018-01-01 18:20:00","boot","smag"
"hz","S16102",2015-02-05,"2018-01-01 18:20:00","lole","puff"
"hz","S16102",2015-02-05,"2018-01-01 18:20:00","lole","puff"
"hz","S16102",2015-02-05,"2018-01-01 18:27:00","lole","cokl"
"hz","S16102",2015-02-05,"2018-01-01 18:27:00","lole","cokl"
"hz","S16102",2015-02-05,"2018-01-01 18:27:00","lole","cokl"
"hz","S16102",2015-02-05,"2018-01-01 18:28:00","lole","cokl"
"hz","S16102",2015-02-05,"2018-01-01 18:28:00","lole","cokl"
"hz","S16102",2015-02-05,"2018-01-01 18:28:00","lole","cokl"
"hz","S16102",2015-02-05,"2018-01-01 18:32:00","boot","clus"
"hz","S16104",2015-02-06,"2018-01-01 18:09:00","lole","cokl"
"hz","S16104",2015-02-06,"2018-01-01 18:22:00","lole","cokl"
"hz","S16104",2015-02-06,"2018-01-01 18:22:00","lole","cokl"
"hz","S16104",2015-02-06,"2018-01-01 18:22:00","lole","cokl"
"hz","S16104",2015-02-06,"2018-01-01 18:22:00","lole","cokl"
"hz","S16104",2015-02-06,"2018-01-01 18:22:00","boot","cokl"
"hz","S16104",2015-02-06,"2018-01-01 18:22:00","lole","cokl"
"hz","S16104",2015-02-06,"2018-01-01 18:25:00","savy","cokl"
"hz","S16104",2015-02-06,"2018-01-01 18:25:00","lole","cokl"
"hz","S16104",2015-02-06,"2018-01-01 18:25:00","boot","puff"
"hz","S16104",2015-02-06,"2018-01-01 18:26:00","lole","cokl"
"hz","S16104",2015-02-06,"2018-01-01 18:26:00","boot","cokl"
"hz","S16104",2015-02-06,"2018-01-01 18:26:00","clus","cokl"
"hz","S16104",2015-02-06,"2018-01-01 18:26:00","savy","cokl"
"hz","S16104",2015-02-06,"2018-01-01 18:26:00","smag","cokl"
"hz","S16104",2015-02-06,"2018-01-01 18:26:00","cokl","puff"
"hz","S16104",2015-02-06,"2018-01-01 18:27:00","cokl","puff"
"hz","S16104",2015-02-06,"2018-01-01 18:27:00","clus","cokl"
"hz","S16104",2015-02-06,"2018-01-01 18:27:00","cokl","puff"
"hz","S16104",2015-02-06,"2018-01-01 18:27:00","clus","lole"
"hz","S16104",2015-02-06,"2018-01-01 18:28:00","clus","cokl"
"hz","S16104",2015-02-06,"2018-01-01 18:28:00","boot","cokl"
"hz","S16104",2015-02-06,"2018-01-01 18:28:00","clus","cokl"
"hz","S16104",2015-02-06,"2018-01-01 18:30:00","boot","clus"
"hz","S16104",2015-02-06,"2018-01-01 18:30:00","savy","clus"
"hz","S16104",2015-02-06,"2018-01-01 18:31:00","lole","cokl"
"hz","S16104",2015-02-06,"2018-01-01 18:31:00","lole","cokl"
"hz","S16104",2015-02-06,"2018-01-01 18:32:00","clus","cokl"
"hz","S16104",2015-02-06,"2018-01-01 18:33:00","boot","cokl"
"hz","S16104",2015-02-06,"2018-01-01 18:33:00","clus","cokl"
"hz","S16104",2015-02-06,"2018-01-01 18:33:00","smag","cokl"
"hz","S16104",2015-02-06,"2018-01-01 18:34:00","smag","cokl"
"hz","S16104",2015-02-06,"2018-01-01 18:34:00","smag","cokl"
"hz","S16104",2015-02-06,"2018-01-01 18:36:00","clus","lole"
"hz","S16104",2015-02-06,"2018-01-01 18:36:00","savy","cokl"
"hz","S16104",2015-02-06,"2018-01-01 18:36:00","clus","cokl"
"hz","S16104",2015-02-06,"2018-01-01 18:37:00","clus","cokl"
"hz","S16104",2015-02-06,"2018-01-01 18:38:00","lole","cokl"
"hz","S16104",2015-02-06,"2018-01-01 18:38:00","lole","cokl"
"hz","S16104",2015-02-06,"2018-01-01 18:40:00","clus","cokl"
"hz","S16104",2015-02-06,"2018-01-01 18:43:00","clus","cokl"
"hz","S16104",2015-02-06,"2018-01-01 18:48:00","puff","lole"
"hz","S16104",2015-02-06,"2018-01-01 18:48:00","clus","lole"
"hz","S16104",2015-02-06,"2018-01-01 19:15:00","boot","clus"
"hz","S16112",2015-02-10,"2018-01-01 17:39:00","lole","cokl"
"hz","S16112",2015-02-10,"2018-01-01 17:39:00","lole","clus"
"hz","S16112",2015-02-10,"2018-01-01 17:39:00","clus","lole"
"hz","S16112",2015-02-10,"2018-01-01 17:40:00","savy","boot"
"hz","S16112",2015-02-10,"2018-01-01 17:40:00","savy","boot"
"hz","S16112",2015-02-10,"2018-01-01 17:40:00","clus","puff"
"hz","S16112",2015-02-10,"2018-01-01 17:40:00","clus","lole"
"hz","S16112",2015-02-10,"2018-01-01 17:40:00","lole","boot"
"hz","S16112",2015-02-10,"2018-01-01 17:40:00","boot","savy"
"hz","S16112",2015-02-10,"2018-01-01 17:40:00","boot","lole"
"hz","S16112",2015-02-10,"2018-01-01 17:40:00","lole","boot"
"hz","S16112",2015-02-10,"2018-01-01 17:40:00","puff","clus"
"hz","S16112",2015-02-10,"2018-01-01 17:41:00","lole","cokl"
"hz","S16112",2015-02-10,"2018-01-01 17:41:00","boot","clus"
"hz","S16112",2015-02-10,"2018-01-01 17:41:00","boot","clus"
"hz","S16112",2015-02-10,"2018-01-01 17:41:00","boot","lole"
"hz","S16112",2015-02-10,"2018-01-01 17:42:00","savy","puff"
"hz","S16112",2015-02-10,"2018-01-01 17:42:00","clus","puff"
"hz","S16112",2015-02-10,"2018-01-01 17:42:00","boot","savy"
"hz","S16112",2015-02-10,"2018-01-01 17:42:00","boot","smag"
"hz","S16112",2015-02-10,"2018-01-01 17:42:00","boot","smag"
"hz","S16112",2015-02-10,"2018-01-01 17:42:00","savy","smag"
"hz","S16112",2015-02-10,"2018-01-01 17:43:00","boot","puff"
"hz","S16112",2015-02-10,"2018-01-01 17:43:00","clus","cokl"
"hz","S16112",2015-02-10,"2018-01-01 17:44:00","boot","puff"
"hz","S16112",2015-02-10,"2018-01-01 17:44:00","savy","puff"
"hz","S16112",2015-02-10,"2018-01-01 17:44:00","savy","puff"
"hz","S16112",2015-02-10,"2018-01-01 17:44:00","boot","clus"
"hz","S16112",2015-02-10,"2018-01-01 17:44:00","clus","lole"
"hz","S16112",2015-02-10,"2018-01-01 17:45:00","clus","cokl"
"hz","S16112",2015-02-10,"2018-01-01 17:45:00","boot","cokl"
"hz","S16112",2015-02-10,"2018-01-01 17:45:00","savy","cokl"
"hz","S16112",2015-02-10,"2018-01-01 17:45:00","smag","cokl"
"hz","S16112",2015-02-10,"2018-01-01 17:46:00","clus","lole"
"hz","S16112",2015-02-10,"2018-01-01 17:46:00","savy","puff"
"hz","S16112",2015-02-10,"2018-01-01 17:46:00","lole","cokl"
"hz","S16112",2015-02-10,"2018-01-01 17:46:00","lole","cokl"
"hz","S16112",2015-02-10,"2018-01-01 17:47:00","boot","cokl"
"hz","S16112",2015-02-10,"2018-01-01 17:47:00","clus","lole"
"hz","S16112",2015-02-10,"2018-01-01 17:47:00","lole","cokl"
"hz","S16112",2015-02-10,"2018-01-01 17:47:00","smag","cokl"
"hz","S16112",2015-02-10,"2018-01-01 17:48:00","lole","cokl"
"hz","S16112",2015-02-10,"2018-01-01 17:48:00","lole","puff"
"hz","S16112",2015-02-10,"2018-01-01 17:48:00","lole","cokl"
"hz","S16112",2015-02-10,"2018-01-01 17:48:00","clus","cokl"
"hz","S16112",2015-02-10,"2018-01-01 17:48:00","lole","cokl"
"hz","S16112",2015-02-10,"2018-01-01 17:49:00","lole","cokl"
"hz","S16112",2015-02-10,"2018-01-01 17:49:00","lole","cokl"
"hz","S16112",2015-02-10,"2018-01-01 17:50:00","lole","cokl"
"hz","S16112",2015-02-10,"2018-01-01 17:51:00","clus","cokl"
"hz","S16112",2015-02-10,"2018-01-01 17:51:00","smag","cokl"
"hz","S16112",2015-02-10,"2018-01-01 17:51:00","smag","cokl"
"hz","S16112",2015-02-10,"2018-01-01 17:52:00","smag","cokl"
"hz","S16112",2015-02-10,"2018-01-01 17:53:00","smag","cokl"
"hz","S16112",2015-02-10,"2018-01-01 17:53:00","smag","cokl"
"hz","S16112",2015-02-10,"2018-01-01 17:54:00","savy","cokl"
"hz","S16112",2015-02-10,"2018-01-01 17:54:00","smag","cokl"
"hz","S16112",2015-02-10,"2018-01-01 17:59:00","lole","smag"
"hz","S16112",2015-02-10,"2018-01-01 18:00:00","boot","clus"
"hz","S16112",2015-02-10,"2018-01-01 18:00:00","lole","smag"
"hz","S16112",2015-02-10,"2018-01-01 18:01:00","boot","lole"
"hz","S16112",2015-02-10,"2018-01-01 18:01:00","boot","clus"
"hz","S16112",2015-02-10,"2018-01-01 18:02:00","smag","cokl"
"hz","S16112",2015-02-10,"2018-01-01 18:02:00","clus","lole"
"hz","S16112",2015-02-10,"2018-01-01 18:10:00","savy","clus"
"hz","S16112",2015-02-10,"2018-01-01 18:15:00","boot","puff"
"hz","S16112",2015-02-10,"2018-01-01 18:15:00","boot","puff"
"hz","S16112",2015-02-10,"2018-01-01 18:18:00","boot","savy"
"hz","S16112",2015-02-10,"2018-01-01 18:21:00","clus","cokl"
"hz","S16112",2015-02-10,"2018-01-01 18:21:00","clus","cokl"
"hz","S16112",2015-02-10,"2018-01-01 18:29:00","lole","cokl"
"hz","S16112",2015-02-10,"2018-01-01 18:37:00","boot","puff"
"hz","S16112",2015-02-10,"2018-01-01 18:37:00","boot","puff"
"hz","S16121",2015-02-13,"2018-01-01 18:37:00","smag","cokl"
"hz","S16121",2015-02-13,"2018-01-01 18:37:00","clus","cokl"
"hz","S16124",2015-02-14,"2018-01-01 17:54:00","smag","puff"
"hz","S16124",2015-02-14,"2018-01-01 17:55:00","smag","puff"
"hz","S16124",2015-02-14,"2018-01-01 17:55:00","smag","puff"
"hz","S16124",2015-02-14,"2018-01-01 18:35:00","clus","boot"
"hz","S16124",2015-02-14,"2018-01-01 18:50:00","lole","cokl"
"hz","S16130",2015-02-16,"2018-01-01 18:19:00","lole","clus"
"hz","S16130",2015-02-16,"2018-01-01 18:20:00","lole","smag"
"hz","S16130",2015-02-16,"2018-01-01 18:21:00","clus","lole"
"hz","S16130",2015-02-16,"2018-01-01 18:24:00","savy","puff"
"hz","S16130",2015-02-16,"2018-01-01 18:25:00","clus","boot"
"hz","S16130",2015-02-16,"2018-01-01 18:25:00","boot","cokl"
"hz","S16130",2015-02-16,"2018-01-01 18:25:00","lole","cokl"
"hz","S16130",2015-02-16,"2018-01-01 18:25:00","clus","smag"
"hz","S16130",2015-02-16,"2018-01-01 18:26:00","boot","clus"
"hz","S16130",2015-02-16,"2018-01-01 18:30:00","boot","puff"
"hz","S16130",2015-02-16,"2018-01-01 18:32:00","lole","cokl"
"hz","S16130",2015-02-16,"2018-01-01 18:33:00","clus","cokl"
"hz","S16130",2015-02-16,"2018-01-01 18:34:00","boot","puff"
"hz","S16130",2015-02-16,"2018-01-01 18:34:00","savy","boot"
"hz","S16130",2015-02-16,"2018-01-01 18:44:00","clus","lole"
"hz","S16130",2015-02-16,"2018-01-01 18:44:00","clus","lole"
"hz","S16130",2015-02-16,"2018-01-01 18:44:00","clus","lole"
"hz","S16139",2015-02-19,"2018-01-01 17:50:00","clus","lole"
"hz","S16139",2015-02-19,"2018-01-01 17:50:00","clus","lole"
"hz","S16139",2015-02-19,"2018-01-01 18:03:00","cokl","boot"
"hz","S16139",2015-02-19,"2018-01-01 19:06:00","savy","cokl"
"hz","S16144",2015-02-21,"2018-01-01 08:09:00","clus","lole"
"hz","S16144",2015-02-21,"2018-01-01 08:09:00","lole","boot"
"hz","S16144",2015-02-21,"2018-01-01 08:09:00","lole","boot"
"hz","S16144",2015-02-21,"2018-01-01 08:12:00","lole","boot"
"hz","S16144",2015-02-21,"2018-01-01 08:12:00","clus","lole"
"hz","S16144",2015-02-21,"2018-01-01 08:12:00","lole","savy"
"hz","S16144",2015-02-21,"2018-01-01 08:12:00","clus","smag"
"hz","S16144",2015-02-21,"2018-01-01 08:23:00","clus","puff"
"hz","S16144",2015-02-21,"2018-01-01 08:26:00","clus","puff"
"hz","S16144",2015-02-21,"2018-01-01 08:26:00","lole","smag"
"hz","S16144",2015-02-21,"2018-01-01 08:26:00","lole","puff"
"hz","S16144",2015-02-21,"2018-01-01 08:26:00","clus","lole"
"hz","S16144",2015-02-21,"2018-01-01 08:28:00","clus","puff"
"hz","S16144",2015-02-21,"2018-01-01 08:28:00","clus","smag"
"hz","S16145",2015-02-21,"2018-01-01 17:35:00","cokl","puff"
"hz","S16145",2015-02-21,"2018-01-01 17:36:00","cokl","boot"
"hz","S16145",2015-02-21,"2018-01-01 17:36:00","cokl","boot"
"hz","S16147",2015-02-22,"2018-01-01 06:57:00","lole","puff"
"hz","S16150",2015-02-22,"2018-01-01 18:08:00","smag","puff"
"hz","S16150",2015-02-22,"2018-01-01 18:08:00","smag","puff"
"hz","S16150",2015-02-22,"2018-01-01 18:08:00","savy","boot"
"hz","S16150",2015-02-22,"2018-01-01 18:10:00","smag","puff"
"hz","S16150",2015-02-22,"2018-01-01 18:10:00","smag","puff"
"hz","S16154",2015-02-23,"2018-01-01 17:58:00","clus","lole"
"hz","S16154",2015-02-23,"2018-01-01 18:58:00","lole","cokl"
"hz","S16155",2015-02-24,"2018-01-01 17:45:00","lole","cokl"
"hz","S16155",2015-02-24,"2018-01-01 17:46:00","boot","lole"
"hz","S16155",2015-02-24,"2018-01-01 17:46:00","clus","lole"
"hz","S16155",2015-02-24,"2018-01-01 17:46:00","boot","lole"
"hz","S16155",2015-02-24,"2018-01-01 17:46:00","smag","cokl"
"hz","S16155",2015-02-24,"2018-01-01 17:47:00","clus","cokl"
"hz","S16155",2015-02-24,"2018-01-01 17:51:00","clus","cokl"
"hz","S16155",2015-02-24,"2018-01-01 17:54:00","clus","cokl"
"hz","S16155",2015-02-24,"2018-01-01 17:54:00","savy","clus"
"hz","S16155",2015-02-24,"2018-01-01 17:54:00","lole","smag"
"hz","S16155",2015-02-24,"2018-01-01 17:55:00","lole","puff"
"hz","S16155",2015-02-24,"2018-01-01 17:56:00","clus","cokl"
"hz","S16155",2015-02-24,"2018-01-01 17:56:00","lole","smag"
"hz","S16155",2015-02-24,"2018-01-01 17:56:00","lole","smag"
"hz","S16155",2015-02-24,"2018-01-01 17:56:00","lole","smag"
"hz","S16155",2015-02-24,"2018-01-01 17:56:00","lole","smag"
"hz","S16155",2015-02-24,"2018-01-01 17:57:00","clus","smag"
"hz","S16155",2015-02-24,"2018-01-01 17:57:00","clus","smag"
"hz","S16158",2015-02-26,"2018-01-01 17:40:00","clus","cokl"
"hz","S16158",2015-02-26,"2018-01-01 17:40:00","clus","lole"
"hz","S16158",2015-02-26,"2018-01-01 17:41:00","lole","savy"
"hz","S16158",2015-02-26,"2018-01-01 17:42:00","lole","cokl"
"hz","S16158",2015-02-26,"2018-01-01 17:42:00","clus","cokl"
"hz","S16158",2015-02-26,"2018-01-01 18:15:00","puff","smag"
"hz","S16158",2015-02-26,"2018-01-01 18:15:00","smag","puff"
"hz","S16158",2015-02-26,"2018-01-01 18:24:00","smag","puff"
"hz","S16158",2015-02-26,"2018-01-01 18:24:00","smag","puff"
"hz","S16158",2015-02-26,"2018-01-01 18:25:00","smag","puff"
"hz","S16158",2015-02-26,"2018-01-01 18:26:00","smag","puff"
"hz","S16158",2015-02-26,"2018-01-01 18:26:00","smag","puff"
"hz","S16158",2015-02-26,"2018-01-01 18:26:00","smag","puff"
"hz","S16158",2015-02-26,"2018-01-01 18:26:00","smag","puff"
"hz","S16158",2015-02-26,"2018-01-01 18:34:00","smag","puff"
"hz","S16158",2015-02-26,"2018-01-01 18:59:00","smag","puff"
"hz","S16158",2015-02-26,"2018-01-01 18:59:00","smag","puff"
"hz","S16158",2015-02-26,"2018-01-01 18:59:00","smag","puff"
"hz","S16158",2015-02-26,"2018-01-01 19:04:00","boot","cokl"
"hz","S16161",2015-02-27,"2018-01-01 06:44:00","smag","puff"
"hz","S16161",2015-02-27,"2018-01-01 06:54:00","savy","boot"
"hz","S16161",2015-02-27,"2018-01-01 06:54:00","savy","boot"
"hz","S16161",2015-02-27,"2018-01-01 06:55:00","savy","boot"
"hz","S16161",2015-02-27,"2018-01-01 07:00:00","boot","puff"
"hz","S16161",2015-02-27,"2018-01-01 07:00:00","boot","smag"
"hz","S16161",2015-02-27,"2018-01-01 07:09:00","lole","savy"
"hz","S16161",2015-02-27,"2018-01-01 07:09:00","clus","savy"
"hz","S16161",2015-02-27,"2018-01-01 07:10:00","lole","boot"
"hz","S16161",2015-02-27,"2018-01-01 07:10:00","boot","smag"
"hz","S16161",2015-02-27,"2018-01-01 07:10:00","boot","puff"
"hz","S16161",2015-02-27,"2018-01-01 07:11:00","lole","boot"
"hz","S16161",2015-02-27,"2018-01-01 07:11:00","boot","savy"
"hz","S16161",2015-02-27,"2018-01-01 07:11:00","savy","boot"
"hz","S16161",2015-02-27,"2018-01-01 07:11:00","savy","boot"
"hz","S16161",2015-02-27,"2018-01-01 07:11:00","lole","boot"
"hz","S16161",2015-02-27,"2018-01-01 07:11:00","boot","smag"
"hz","S16161",2015-02-27,"2018-01-01 07:12:00","lole","boot"
"hz","S16161",2015-02-27,"2018-01-01 07:12:00","boot","smag"
"hz","S16161",2015-02-27,"2018-01-01 07:12:00","lole","boot"
"hz","S16161",2015-02-27,"2018-01-01 07:12:00","boot","smag"
"hz","S16161",2015-02-27,"2018-01-01 07:12:00","boot","savy"
"hz","S16161",2015-02-27,"2018-01-01 07:12:00","savy","boot"
"hz","S16161",2015-02-27,"2018-01-01 07:12:00","clus","boot"
"hz","S16161",2015-02-27,"2018-01-01 07:14:00","lole","boot"
"hz","S16161",2015-02-27,"2018-01-01 07:14:00","lole","boot"
"hz","S16161",2015-02-27,"2018-01-01 07:14:00","lole","savy"
"hz","S16161",2015-02-27,"2018-01-01 07:14:00","savy","smag"
"hz","S16161",2015-02-27,"2018-01-01 07:14:00","savy","boot"
"hz","S16161",2015-02-27,"2018-01-01 07:14:00","lole","boot"
"hz","S16161",2015-02-27,"2018-01-01 07:14:00","boot","puff"
"hz","S16161",2015-02-27,"2018-01-01 07:15:00","clus","lole"
"hz","S16161",2015-02-27,"2018-01-01 07:15:00","boot","puff"
"hz","S16161",2015-02-27,"2018-01-01 07:15:00","clus","savy"
"hz","S16161",2015-02-27,"2018-01-01 07:15:00","boot","smag"
"hz","S16161",2015-02-27,"2018-01-01 07:16:00","lole","puff"
"hz","S16161",2015-02-27,"2018-01-01 07:16:00","clus","boot"
"hz","S16161",2015-02-27,"2018-01-01 07:16:00","boot","puff"
"hz","S16161",2015-02-27,"2018-01-01 07:16:00","boot","smag"
"hz","S16161",2015-02-27,"2018-01-01 07:16:00","smag","puff"
"hz","S16161",2015-02-27,"2018-01-01 07:16:00","lole","savy"
"hz","S16161",2015-02-27,"2018-01-01 07:16:00","savy","lole"
"hz","S16161",2015-02-27,"2018-01-01 07:16:00","boot","puff"
"hz","S16161",2015-02-27,"2018-01-01 07:16:00","boot","smag"
"hz","S16161",2015-02-27,"2018-01-01 07:17:00","puff","savy"
"hz","S16161",2015-02-27,"2018-01-01 07:18:00","boot","puff"
"hz","S16161",2015-02-27,"2018-01-01 07:18:00","puff","boot"
"hz","S16161",2015-02-27,"2018-01-01 07:18:00","smag","puff"
"hz","S16161",2015-02-27,"2018-01-01 07:18:00","smag","puff"
"hz","S16161",2015-02-27,"2018-01-01 07:18:00","smag","puff"
"hz","S16161",2015-02-27,"2018-01-01 07:19:00","savy","puff"
"hz","S16161",2015-02-27,"2018-01-01 07:19:00","boot","smag"
"hz","S16161",2015-02-27,"2018-01-01 07:19:00","savy","smag"
"hz","S16166",2015-02-28,"2018-01-01 17:38:00","smag","puff"
"hz","S16166",2015-02-28,"2018-01-01 17:45:00","smag","puff"
"hz","S16166",2015-02-28,"2018-01-01 18:15:00","savy","boot"
"hz","S16166",2015-02-28,"2018-01-01 18:16:00","savy","boot"
"hz","S16166",2015-02-28,"2018-01-01 18:16:00","savy","boot"
"hz","S16166",2015-02-28,"2018-01-01 18:16:00","savy","boot"
"hz","S16170",2015-03-02,"2018-01-01 06:57:00","lole","boot"
"hz","S16170",2015-03-02,"2018-01-01 06:57:00","lole","boot"
"hz","S16170",2015-03-02,"2018-01-01 06:57:00","lole","puff"
"hz","S16170",2015-03-02,"2018-01-01 06:58:00","lole","boot"
"hz","S16170",2015-03-02,"2018-01-01 06:58:00","lole","smag"
"hz","S16170",2015-03-02,"2018-01-01 06:58:00","lole","boot"
"hz","S16170",2015-03-02,"2018-01-01 06:59:00","lole","boot"
"hz","S16170",2015-03-02,"2018-01-01 06:59:00","lole","cokl"
"hz","S16170",2015-03-02,"2018-01-01 07:07:00","savy","boot"
"hz","S16170",2015-03-02,"2018-01-01 07:07:00","savy","puff"
"hz","S16170",2015-03-02,"2018-01-01 07:07:00","savy","cokl"
"hz","S16170",2015-03-02,"2018-01-01 07:12:00","clus","cokl"
"hz","S16170",2015-03-02,"2018-01-01 07:14:00","smag","cokl"
"hz","S16176",2015-03-02,"2018-01-01 18:11:00","clus","smag"
"hz","S16185",2015-03-04,"2018-01-01 18:20:00","lole","smag"
"hz","S16185",2015-03-04,"2018-01-01 18:20:00","lole","smag"
"hz","S16185",2015-03-04,"2018-01-01 18:32:00","clus","smag"
"hz","S16185",2015-03-04,"2018-01-01 18:32:00","clus","smag"
"hz","S16206",2015-03-06,"2018-01-01 18:10:00","savy","cokl"
"hz","S16206",2015-03-06,"2018-01-01 18:10:00","boot","cokl"
"hz","S16206",2015-03-06,"2018-01-01 18:10:00","savy","cokl"
"hz","S16206",2015-03-06,"2018-01-01 18:10:00","boot","cokl"
"hz","S16206",2015-03-06,"2018-01-01 18:10:00","savy","cokl"
"hz","S16206",2015-03-06,"2018-01-01 18:10:00","boot","savy"
"hz","S16206",2015-03-06,"2018-01-01 18:11:00","savy","boot"
"hz","S16206",2015-03-06,"2018-01-01 18:11:00","boot","cokl"
"hz","S16206",2015-03-06,"2018-01-01 18:12:00","savy","boot"
"hz","S16206",2015-03-06,"2018-01-01 18:12:00","savy","boot"
"hz","S16206",2015-03-06,"2018-01-01 18:35:00","clus","cokl"
"hz","S16206",2015-03-06,"2018-01-01 18:36:00","savy","puff"
"hz","S16206",2015-03-06,"2018-01-01 18:40:00","boot","clus"
"hz","S16206",2015-03-06,"2018-01-01 18:40:00","boot","clus"
"hz","S16208",2015-03-07,"2018-01-01 17:37:00","clus","puff"
"hz","S16208",2015-03-07,"2018-01-01 17:37:00","clus","puff"
"hz","S16208",2015-03-07,"2018-01-01 17:37:00","clus","puff"
"hz","S16208",2015-03-07,"2018-01-01 17:38:00","clus","puff"
"hz","S16208",2015-03-07,"2018-01-01 17:39:00","lole","puff"
"hz","S16208",2015-03-07,"2018-01-01 17:39:00","clus","puff"
"hz","S16208",2015-03-07,"2018-01-01 17:39:00","lole","puff"
"hz","S16208",2015-03-07,"2018-01-01 17:39:00","savy","puff"
"hz","S16208",2015-03-07,"2018-01-01 17:40:00","clus","puff"
"hz","S16208",2015-03-07,"2018-01-01 17:40:00","lole","smag"
"hz","S16208",2015-03-07,"2018-01-01 17:40:00","lole","smag"
"hz","S16208",2015-03-07,"2018-01-01 17:40:00","lole","boot"
"hz","S16208",2015-03-07,"2018-01-01 17:43:00","lole","smag"
"hz","S16208",2015-03-07,"2018-01-01 17:43:00","lole","smag"
"hz","S16208",2015-03-07,"2018-01-01 17:44:00","savy","clus"
"hz","S16208",2015-03-07,"2018-01-01 17:45:00","puff","smag"
"hz","S16208",2015-03-07,"2018-01-01 17:48:00","boot","lole"
"hz","S16208",2015-03-07,"2018-01-01 17:48:00","lole","boot"
"hz","S16208",2015-03-07,"2018-01-01 17:48:00","lole","boot"
"hz","S16208",2015-03-07,"2018-01-01 17:48:00","boot","clus"
"hz","S16208",2015-03-07,"2018-01-01 17:48:00","lole","boot"
"hz","S16208",2015-03-07,"2018-01-01 17:48:00","lole","boot"
"hz","S16208",2015-03-07,"2018-01-01 17:48:00","lole","boot"
"hz","S16208",2015-03-07,"2018-01-01 17:49:00","lole","boot"
"hz","S16208",2015-03-07,"2018-01-01 17:49:00","lole","boot"
"hz","S16208",2015-03-07,"2018-01-01 17:49:00","lole","boot"
"hz","S16208",2015-03-07,"2018-01-01 17:49:00","lole","boot"
"hz","S16208",2015-03-07,"2018-01-01 17:49:00","lole","boot"
"hz","S16208",2015-03-07,"2018-01-01 17:49:00","lole","boot"
"hz","S16208",2015-03-07,"2018-01-01 17:50:00","lole","boot"
"hz","S16208",2015-03-07,"2018-01-01 17:50:00","lole","boot"
"hz","S16208",2015-03-07,"2018-01-01 17:54:00","boot","clus"
"hz","S16208",2015-03-07,"2018-01-01 17:54:00","boot","clus"
"hz","S16208",2015-03-07,"2018-01-01 17:54:00","boot","clus"
"hz","S16208",2015-03-07,"2018-01-01 17:55:00","lole","boot"
"hz","S16208",2015-03-07,"2018-01-01 17:55:00","boot","smag"
"hz","S16208",2015-03-07,"2018-01-01 17:55:00","lole","boot"
"hz","S16208",2015-03-07,"2018-01-01 17:56:00","lole","savy"
"hz","S16208",2015-03-07,"2018-01-01 17:57:00","clus","puff"
"hz","S16208",2015-03-07,"2018-01-01 17:59:00","boot","puff"
"hz","S16208",2015-03-07,"2018-01-01 17:59:00","boot","puff"
"hz","S16208",2015-03-07,"2018-01-01 17:59:00","boot","puff"
"hz","S16208",2015-03-07,"2018-01-01 17:59:00","boot","puff"
"hz","S16208",2015-03-07,"2018-01-01 18:02:00","lole","boot"
"hz","S16208",2015-03-07,"2018-01-01 18:02:00","lole","boot"
"hz","S16208",2015-03-07,"2018-01-01 18:03:00","lole","puff"
"hz","S16208",2015-03-07,"2018-01-01 18:03:00","boot","puff"
"hz","S16208",2015-03-07,"2018-01-01 18:03:00","lole","puff"
"hz","S16208",2015-03-07,"2018-01-01 18:03:00","lole","boot"
"hz","S16208",2015-03-07,"2018-01-01 18:03:00","boot","puff"
"hz","S16208",2015-03-07,"2018-01-01 18:03:00","lole","puff"
"hz","S16208",2015-03-07,"2018-01-01 18:03:00","lole","puff"
"hz","S16208",2015-03-07,"2018-01-01 18:05:00","lole","savy"
"hz","S16208",2015-03-07,"2018-01-01 18:05:00","lole","savy"
"hz","S16208",2015-03-07,"2018-01-01 18:05:00","lole","savy"
"hz","S16208",2015-03-07,"2018-01-01 18:05:00","boot","smag"
"hz","S16208",2015-03-07,"2018-01-01 18:06:00","boot","smag"
"hz","S16208",2015-03-07,"2018-01-01 18:06:00","boot","smag"
"hz","S16208",2015-03-07,"2018-01-01 18:06:00","lole","boot"
"hz","S16208",2015-03-07,"2018-01-01 18:06:00","boot","puff"
"hz","S16208",2015-03-07,"2018-01-01 18:06:00","boot","puff"
"hz","S16208",2015-03-07,"2018-01-01 18:07:00","lole","savy"
"hz","S16208",2015-03-07,"2018-01-01 18:14:00","clus","puff"
"hz","S16208",2015-03-07,"2018-01-01 18:16:00","lole","boot"
"hz","S16208",2015-03-07,"2018-01-01 18:16:00","lole","boot"
"hz","S16208",2015-03-07,"2018-01-01 18:16:00","clus","puff"
"hz","S16208",2015-03-07,"2018-01-01 18:17:00","lole","boot"
"hz","S16208",2015-03-07,"2018-01-01 18:19:00","boot","puff"
"hz","S16208",2015-03-07,"2018-01-01 18:19:00","boot","puff"
"hz","S16208",2015-03-07,"2018-01-01 18:20:00","boot","puff"
"hz","S16208",2015-03-07,"2018-01-01 18:20:00","lole","savy"
"hz","S16208",2015-03-07,"2018-01-01 18:21:00","savy","boot"
"hz","S16208",2015-03-07,"2018-01-01 18:28:00","boot","cokl"
"hz","S16208",2015-03-07,"2018-01-01 18:28:00","savy","cokl"
"hz","S16213",2015-03-09,"2018-01-01 17:59:00","clus","lole"
"hz","S16213",2015-03-09,"2018-01-01 18:01:00","boot","cokl"
"hz","S16213",2015-03-09,"2018-01-01 18:01:00","boot","cokl"
"hz","S16213",2015-03-09,"2018-01-01 18:01:00","boot","cokl"
"hz","S16213",2015-03-09,"2018-01-01 18:02:00","lole","cokl"
"hz","S16213",2015-03-09,"2018-01-01 18:02:00","smag","cokl"
"hz","S16213",2015-03-09,"2018-01-01 18:02:00","smag","lole"
"hz","S16213",2015-03-09,"2018-01-01 18:02:00","boot","lole"
"hz","S16213",2015-03-09,"2018-01-01 18:02:00","clus","lole"
"hz","S16213",2015-03-09,"2018-01-01 18:02:00","smag","cokl"
"hz","S16213",2015-03-09,"2018-01-01 18:02:00","smag","cokl"
"hz","S16213",2015-03-09,"2018-01-01 18:02:00","lole","boot"
"hz","S16213",2015-03-09,"2018-01-01 18:02:00","boot","cokl"
"hz","S16213",2015-03-09,"2018-01-01 18:02:00","clus","cokl"
"hz","S16213",2015-03-09,"2018-01-01 18:02:00","savy","cokl"
"hz","S16213",2015-03-09,"2018-01-01 18:02:00","lole","cokl"
"hz","S16213",2015-03-09,"2018-01-01 18:02:00","smag","cokl"
"hz","S16213",2015-03-09,"2018-01-01 18:02:00","clus","cokl"
"hz","S16213",2015-03-09,"2018-01-01 18:02:00","boot","cokl"
"hz","S16213",2015-03-09,"2018-01-01 18:02:00","lole","cokl"
"hz","S16213",2015-03-09,"2018-01-01 18:03:00","clus","cokl"
"hz","S16213",2015-03-09,"2018-01-01 18:03:00","lole","cokl"
"hz","S16213",2015-03-09,"2018-01-01 18:03:00","clus","cokl"
"hz","S16213",2015-03-09,"2018-01-01 18:03:00","lole","cokl"
"hz","S16213",2015-03-09,"2018-01-01 18:03:00","smag","cokl"
"hz","S16213",2015-03-09,"2018-01-01 18:04:00","clus","lole"
"hz","S16213",2015-03-09,"2018-01-01 18:04:00","smag","cokl"
"hz","S16213",2015-03-09,"2018-01-01 18:04:00","smag","cokl"
"hz","S16213",2015-03-09,"2018-01-01 18:04:00","clus","cokl"
"hz","S16213",2015-03-09,"2018-01-01 18:04:00","clus","lole"
"hz","S16213",2015-03-09,"2018-01-01 18:04:00","smag","lole"
"hz","S16213",2015-03-09,"2018-01-01 18:04:00","clus","lole"
"hz","S16213",2015-03-09,"2018-01-01 18:05:00","lole","savy"
"hz","S16213",2015-03-09,"2018-01-01 18:05:00","savy","lole"
"hz","S16213",2015-03-09,"2018-01-01 18:05:00","lole","savy"
"hz","S16213",2015-03-09,"2018-01-01 18:06:00","smag","cokl"
"hz","S16213",2015-03-09,"2018-01-01 18:06:00","smag","cokl"
"hz","S16213",2015-03-09,"2018-01-01 18:07:00","lole","boot"
"hz","S16213",2015-03-09,"2018-01-01 18:07:00","lole","boot"
"hz","S16213",2015-03-09,"2018-01-01 18:07:00","savy","cokl"
"hz","S16213",2015-03-09,"2018-01-01 18:07:00","lole","boot"
"hz","S16213",2015-03-09,"2018-01-01 18:07:00","lole","boot"
"hz","S16213",2015-03-09,"2018-01-01 18:07:00","lole","boot"
"hz","S16213",2015-03-09,"2018-01-01 18:07:00","clus","lole"
"hz","S16213",2015-03-09,"2018-01-01 18:07:00","lole","smag"
"hz","S16213",2015-03-09,"2018-01-01 18:08:00","clus","lole"
"hz","S16213",2015-03-09,"2018-01-01 18:08:00","lole","boot"
"hz","S16213",2015-03-09,"2018-01-01 18:09:00","lole","cokl"
"hz","S16213",2015-03-09,"2018-01-01 18:09:00","smag","cokl"
"hz","S16213",2015-03-09,"2018-01-01 18:09:00","smag","cokl"
"hz","S16213",2015-03-09,"2018-01-01 18:10:00","smag","cokl"
"hz","S16213",2015-03-09,"2018-01-01 18:11:00","smag","cokl"
"hz","S16213",2015-03-09,"2018-01-01 18:11:00","smag","cokl"
"hz","S16213",2015-03-09,"2018-01-01 18:13:00","clus","cokl"
"hz","S16213",2015-03-09,"2018-01-01 18:13:00","smag","cokl"
"hz","S16213",2015-03-09,"2018-01-01 18:13:00","clus","smag"
"hz","S16213",2015-03-09,"2018-01-01 18:13:00","smag","cokl"
"hz","S16213",2015-03-09,"2018-01-01 18:16:00","smag","cokl"
"hz","S16213",2015-03-09,"2018-01-01 18:16:00","clus","cokl"
"hz","S16221",2015-03-10,"2018-01-01 19:03:00","puff","cokl"
"hz","S16221",2015-03-10,"2018-01-01 19:03:00","puff","cokl"
"hz","S16221",2015-03-10,"2018-01-01 19:04:00","boot","cokl"
"hz","S16221",2015-03-10,"2018-01-01 19:04:00","puff","cokl"
"hz","S16221",2015-03-10,"2018-01-01 19:04:00","smag","boot"
"hz","S16221",2015-03-10,"2018-01-01 19:06:00","boot","cokl"
"hz","S16221",2015-03-10,"2018-01-01 19:07:00","boot","cokl"
"hz","S16221",2015-03-10,"2018-01-01 19:07:00","savy","cokl"
"hz","S16221",2015-03-10,"2018-01-01 19:07:00","boot","cokl"
"hz","S16233",2015-03-11,"2018-01-01 18:37:00","boot","smag"
"hz","S16259",2015-03-15,"2018-01-01 06:37:00","boot","smag"
"hz","S16259",2015-03-15,"2018-01-01 06:37:00","savy","smag"
"hz","S16259",2015-03-15,"2018-01-01 06:41:00","savy","boot"
"hz","S16259",2015-03-15,"2018-01-01 07:18:00","savy","lole"
"hz","S16259",2015-03-15,"2018-01-01 07:18:00","clus","lole"
"hz","S16259",2015-03-15,"2018-01-01 07:18:00","clus","lole"
"hz","S16259",2015-03-15,"2018-01-01 07:18:00","boot","lole"
"hz","S16259",2015-03-15,"2018-01-01 07:30:00","lole","boot"
"hz","S16259",2015-03-15,"2018-01-01 19:05:00","lole","boot"
"hz","S16259",2015-03-15,"2018-01-01 19:05:00","lole","savy"
"hz","S16259",2015-03-15,"2018-01-01 19:05:00","clus","lole"
"hz","S16259",2015-03-15,"2018-01-01 19:05:00","clus","lole"
"hz","S16259",2015-03-15,"2018-01-01 19:06:00","clus","lole"
"hz","S16259",2015-03-15,"2018-01-01 19:06:00","clus","lole"
"hz","S16259",2015-03-15,"2018-01-01 19:06:00","lole","savy"
"hz","S16259",2015-03-15,"2018-01-01 19:08:00","lole","boot"
"hz","S16259",2015-03-15,"2018-01-01 19:08:00","lole","boot"
"hz","S16259",2015-03-15,"2018-01-01 19:08:00","lole","boot"
"hz","S16259",2015-03-15,"2018-01-01 19:12:00","lole","savy"
"hz","S16285",2015-03-17,"2018-01-01 18:18:00","boot","clus"
"hz","S16285",2015-03-17,"2018-01-01 18:18:00","boot","clus"
"hz","S16285",2015-03-17,"2018-01-01 18:18:00","clus","cokl"
"hz","S16285",2015-03-17,"2018-01-01 18:18:00","boot","clus"
"hz","S16285",2015-03-17,"2018-01-01 18:18:00","boot","clus"
"hz","S16285",2015-03-17,"2018-01-01 18:18:00","lole","cokl"
"hz","S16285",2015-03-17,"2018-01-01 18:18:00","boot","clus"
"hz","S16285",2015-03-17,"2018-01-01 18:19:00","boot","cokl"
"hz","S16285",2015-03-17,"2018-01-01 18:19:00","boot","cokl"
"hz","S16285",2015-03-17,"2018-01-01 18:23:00","clus","cokl"
"hz","S16285",2015-03-17,"2018-01-01 18:23:00","lole","cokl"
"hz","S16285",2015-03-17,"2018-01-01 18:28:00","savy","cokl"
"hz","S16285",2015-03-17,"2018-01-01 18:28:00","clus","cokl"
"hz","S16285",2015-03-17,"2018-01-01 18:30:00","savy","puff"
"hz","S16285",2015-03-17,"2018-01-01 18:30:00","lole","cokl"
"hz","S16285",2015-03-17,"2018-01-01 18:30:00","savy","puff"
"hz","S16285",2015-03-17,"2018-01-01 18:47:00","smag","cokl"
"hz","S16285",2015-03-17,"2018-01-01 18:47:00","smag","cokl"
"hz","S16285",2015-03-17,"2018-01-01 18:47:00","smag","cokl"
"hz","S16285",2015-03-17,"2018-01-01 18:47:00","smag","cokl"
"hz","S16285",2015-03-17,"2018-01-01 19:24:00","smag","puff"
"hz","S16285",2015-03-17,"2018-01-01 19:24:00","smag","puff"
"hz","S16285",2015-03-17,"2018-01-01 19:29:00","lole","boot"
"hz","S16285",2015-03-17,"2018-01-01 19:29:00","lole","savy"
"hz","S16285",2015-03-17,"2018-01-01 19:29:00","clus","boot"
"hz","S16297",2015-03-21,"2018-01-01 19:21:00","clus","cokl"
"hz","S16299",2015-03-22,"2018-01-01 18:09:00","lole","cokl"
"hz","S16299",2015-03-22,"2018-01-01 18:10:00","lole","cokl"
"hz","S16299",2015-03-22,"2018-01-01 18:10:00","lole","cokl"
"hz","S16299",2015-03-22,"2018-01-01 18:11:00","clus","puff"
"hz","S16299",2015-03-22,"2018-01-01 18:11:00","lole","clus"
"hz","S16299",2015-03-22,"2018-01-01 18:11:00","clus","puff"
"hz","S16299",2015-03-22,"2018-01-01 18:12:00","clus","puff"
"hz","S16299",2015-03-22,"2018-01-01 18:14:00","clus","cokl"
"hz","S16299",2015-03-22,"2018-01-01 18:14:00","cokl","clus"
"hz","S16299",2015-03-22,"2018-01-01 18:14:00","clus","cokl"
"hz","S16299",2015-03-22,"2018-01-01 18:20:00","smag","cokl"
"hz","S16299",2015-03-22,"2018-01-01 18:25:00","clus","boot"
"hz","S16299",2015-03-22,"2018-01-01 18:25:00","clus","boot"
"hz","S16299",2015-03-22,"2018-01-01 18:25:00","lole","puff"
"hz","S16299",2015-03-22,"2018-01-01 18:25:00","clus","lole"
"hz","S16299",2015-03-22,"2018-01-01 18:25:00","clus","puff"
"hz","S16299",2015-03-22,"2018-01-01 18:25:00","clus","cokl"
"hz","S16299",2015-03-22,"2018-01-01 18:25:00","cokl","puff"
"hz","S16299",2015-03-22,"2018-01-01 18:26:00","lole","cokl"
"hz","S16299",2015-03-22,"2018-01-01 18:33:00","clus","puff"
"hz","S16299",2015-03-22,"2018-01-01 18:33:00","clus","smag"
"hz","S16299",2015-03-22,"2018-01-01 18:33:00","clus","puff"
"hz","S16303",2015-03-23,"2018-01-01 06:39:00","lole","puff"
"hz","S16303",2015-03-23,"2018-01-01 06:39:00","lole","savy"
"hz","S16303",2015-03-23,"2018-01-01 06:39:00","clus","cokl"
"hz","S16303",2015-03-23,"2018-01-01 06:40:00","puff","cokl"
"hz","S16303",2015-03-23,"2018-01-01 06:41:00","boot","cokl"
"hz","S16303",2015-03-23,"2018-01-01 06:41:00","boot","cokl"
"hz","S16303",2015-03-23,"2018-01-01 06:41:00","savy","cokl"
"hz","S16303",2015-03-23,"2018-01-01 06:47:00","boot","cokl"
"hz","S16326",2015-03-28,"2018-01-01 07:13:00","savy","boot"
"hz","S16331",2015-04-01,"2018-01-01 06:31:00","clus","puff"
"hz","S16331",2015-04-01,"2018-01-01 06:35:00","lole","puff"
"hz","S16331",2015-04-01,"2018-01-01 06:39:00","clus","lole"
"hz","S16331",2015-04-01,"2018-01-01 06:40:00","clus","lole"
"hz","S16331",2015-04-01,"2018-01-01 06:40:00","clus","lole"
"hz","S16331",2015-04-01,"2018-01-01 06:40:00","clus","lole"
"hz","S16331",2015-04-01,"2018-01-01 06:41:00","clus","smag"
"hz","S16331",2015-04-01,"2018-01-01 06:42:00","clus","puff"
"hz","S16331",2015-04-01,"2018-01-01 06:42:00","clus","smag"
"hz","S16331",2015-04-01,"2018-01-01 06:44:00","lole","puff"
"hz","S16331",2015-04-01,"2018-01-01 06:49:00","clus","boot"
"hz","S16331",2015-04-01,"2018-01-01 07:07:00","boot","puff"
"hz","S16331",2015-04-01,"2018-01-01 07:07:00","clus","puff"
"hz","S16331",2015-04-01,"2018-01-01 07:07:00","clus","boot"
"hz","S16331",2015-04-01,"2018-01-01 07:15:00","clus","puff"
"hz","S16331",2015-04-01,"2018-01-01 07:15:00","clus","puff"
"hz","S16331",2015-04-01,"2018-01-01 07:15:00","lole","puff"
"hz","S16331",2015-04-01,"2018-01-01 07:16:00","clus","boot"
"hz","S16331",2015-04-01,"2018-01-01 07:16:00","clus","smag"
"hz","S16331",2015-04-01,"2018-01-01 07:16:00","clus","smag"
"hz","S16331",2015-04-01,"2018-01-01 07:16:00","lole","smag"
"hz","S16331",2015-04-01,"2018-01-01 07:18:00","lole","boot"
"hz","S16331",2015-04-01,"2018-01-01 07:19:00","lole","savy"
"hz","S16331",2015-04-01,"2018-01-01 07:27:00","clus","puff"
"hz","S16331",2015-04-01,"2018-01-01 07:27:00","savy","puff"
"hz","S16331",2015-04-01,"2018-01-01 07:27:00","savy","puff"
"hz","S16331",2015-04-01,"2018-01-01 07:28:00","clus","boot"
"hz","S16331",2015-04-01,"2018-01-01 07:28:00","clus","puff"
"hz","S16331",2015-04-01,"2018-01-01 07:33:00","boot","smag"
"hz","S16331",2015-04-01,"2018-01-01 07:33:00","boot","puff"
"hz","S16331",2015-04-01,"2018-01-01 07:34:00","boot","smag"
"hz","S16331",2015-04-01,"2018-01-01 07:35:00","lole","puff"
"hz","S16331",2015-04-01,"2018-01-01 07:37:00","clus","savy"
"hz","S16331",2015-04-01,"2018-01-01 07:37:00","clus","boot"
"hz","S16331",2015-04-01,"2018-01-01 07:37:00","clus","boot"
"hz","S16331",2015-04-01,"2018-01-01 07:38:00","lole","puff"
"hz","S16331",2015-04-01,"2018-01-01 07:39:00","clus","boot"
"hz","S16331",2015-04-01,"2018-01-01 07:39:00","clus","boot"
"hz","S16331",2015-04-01,"2018-01-01 07:40:00","boot","smag"
"hz","S16331",2015-04-01,"2018-01-01 07:41:00","boot","smag"
"hz","S16331",2015-04-01,"2018-01-01 07:46:00","boot","puff"
"hz","S16331",2015-04-01,"2018-01-01 07:52:00","lole","cokl"
"hz","S16331",2015-04-01,"2018-01-01 07:53:00","lole","smag"
"hz","S16331",2015-04-01,"2018-01-01 07:53:00","clus","smag"
"hz","S16331",2015-04-01,"2018-01-01 07:53:00","lole","smag"
"hz","S16331",2015-04-01,"2018-01-01 07:53:00","lole","puff"
"hz","S16331",2015-04-01,"2018-01-01 07:54:00","clus","smag"
"hz","S16331",2015-04-01,"2018-01-01 07:57:00","cokl","puff"
"hz","S16331",2015-04-01,"2018-01-01 07:57:00","cokl","puff"
"hz","S16346",2015-04-08,"2018-01-01 17:43:00","lole","savy"
"hz","S16346",2015-04-08,"2018-01-01 17:46:00","clus","cokl"
"hz","S16346",2015-04-08,"2018-01-01 17:46:00","clus","savy"
"hz","S16346",2015-04-08,"2018-01-01 17:46:00","clus","boot"
"hz","S16346",2015-04-08,"2018-01-01 17:46:00","clus","savy"
"hz","S16346",2015-04-08,"2018-01-01 17:47:00","clus","boot"
"hz","S16346",2015-04-08,"2018-01-01 17:48:00","clus","cokl"
"hz","S16346",2015-04-08,"2018-01-01 17:48:00","clus","cokl"
"hz","S16346",2015-04-08,"2018-01-01 17:49:00","clus","cokl"
"hz","S16346",2015-04-08,"2018-01-01 17:49:00","clus","savy"
"hz","S16346",2015-04-08,"2018-01-01 17:49:00","clus","cokl"
"hz","S16346",2015-04-08,"2018-01-01 17:49:00","boot","cokl"
"hz","S16346",2015-04-08,"2018-01-01 17:49:00","clus","cokl"
"hz","S16346",2015-04-08,"2018-01-01 17:49:00","lole","savy"
"hz","S16346",2015-04-08,"2018-01-01 17:49:00","clus","cokl"
"hz","S16346",2015-04-08,"2018-01-01 17:50:00","clus","boot"
"hz","S16346",2015-04-08,"2018-01-01 17:50:00","clus","cokl"
"hz","S16346",2015-04-08,"2018-01-01 17:51:00","clus","cokl"
"hz","S16346",2015-04-08,"2018-01-01 17:52:00","clus","savy"
"hz","S16346",2015-04-08,"2018-01-01 18:03:00","smag","puff"
"hz","S16346",2015-04-08,"2018-01-01 19:01:00","lole","boot"
"hz","S16346",2015-04-08,"2018-01-01 19:01:00","lole","boot"
"hz","S16354",2015-04-17,"2018-01-01 17:46:00","lole","boot"
"hz","S16354",2015-04-17,"2018-01-01 17:46:00","clus","boot"
"hz","S16354",2015-04-17,"2018-01-01 17:47:00","clus","boot"
"hz","S16354",2015-04-17,"2018-01-01 17:47:00","clus","smag"
"hz","S16354",2015-04-17,"2018-01-01 17:47:00","clus","smag"
"hz","S16354",2015-04-17,"2018-01-01 17:47:00","clus","boot"
"hz","S16354",2015-04-17,"2018-01-01 17:47:00","boot","smag"
"hz","S16354",2015-04-17,"2018-01-01 17:47:00","clus","boot"
"hz","S16354",2015-04-17,"2018-01-01 17:47:00","smag","boot"
"hz","S16354",2015-04-17,"2018-01-01 17:47:00","clus","boot"
"hz","S16354",2015-04-17,"2018-01-01 17:47:00","clus","boot"
"hz","S16354",2015-04-17,"2018-01-01 17:48:00","lole","savy"
"hz","S16354",2015-04-17,"2018-01-01 17:48:00","clus","boot"
"hz","S16354",2015-04-17,"2018-01-01 17:50:00","clus","smag"
"hz","S16354",2015-04-17,"2018-01-01 17:50:00","clus","puff"
"hz","S16354",2015-04-17,"2018-01-01 18:02:00","clus","smag"
"hz","S16354",2015-04-17,"2018-01-01 18:02:00","clus","savy"
"hz","S16354",2015-04-17,"2018-01-01 18:16:00","smag","puff"
"hz","S16354",2015-04-17,"2018-01-01 18:42:00","smag","puff"
"hz","S16354",2015-04-17,"2018-01-01 18:43:00","smag","puff"
"hz","S16354",2015-04-17,"2018-01-01 18:49:00","lole","cokl"
"hz","S16354",2015-04-17,"2018-01-01 18:56:00","smag","puff"
"hz","S16354",2015-04-17,"2018-01-01 18:57:00","smag","puff"
"hz","S16370",2015-04-21,"2018-01-01 18:45:00","savy","boot"
"hz","S16375",2015-04-22,"2018-01-01 08:03:00","smag","cokl"
"hz","S16375",2015-04-22,"2018-01-01 08:03:00","smag","cokl"
"hz","S16375",2015-04-22,"2018-01-01 08:03:00","smag","cokl"
"hz","S16375",2015-04-22,"2018-01-01 17:54:00","cokl","puff"
"hz","S16375",2015-04-22,"2018-01-01 17:54:00","cokl","puff"
"hz","S16375",2015-04-22,"2018-01-01 18:03:00","smag","cokl"
"hz","S16375",2015-04-22,"2018-01-01 18:03:00","smag","cokl"
"hz","S16375",2015-04-22,"2018-01-01 18:03:00","smag","cokl"
"hz","S16375",2015-04-22,"2018-01-01 18:16:00","clus","cokl"
"hz","S16375",2015-04-22,"2018-01-01 18:17:00","lole","cokl"
"hz","S16375",2015-04-22,"2018-01-01 18:19:00","lole","smag"
"hz","S16375",2015-04-22,"2018-01-01 18:21:00","smag","cokl"
"hz","S16375",2015-04-22,"2018-01-01 18:35:00","clus","lole"
"hz","S16378",2015-04-23,"2018-01-01 18:37:00","smag","puff"
"hz","S16385",2015-04-25,"2018-01-01 18:38:00","lole","cokl"
"hz","S16385",2015-04-25,"2018-01-01 18:39:00","lole","cokl"
"hz","S16385",2015-04-25,"2018-01-01 18:53:00","boot","smag"
"hz","S16385",2015-04-25,"2018-01-01 18:53:00","savy","smag"
"hz","S16385",2015-04-25,"2018-01-01 18:53:00","boot","smag"
"hz","S16385",2015-04-25,"2018-01-01 18:53:00","savy","smag"
"hz","S16385",2015-04-25,"2018-01-01 18:53:00","boot","smag"
"hz","S16385",2015-04-25,"2018-01-01 18:53:00","savy","smag"
"hz","S16385",2015-04-25,"2018-01-01 18:53:00","boot","smag"
"hz","S16385",2015-04-25,"2018-01-01 19:07:00","lole","puff"
"hz","S16583",2015-05-01,"2018-01-01 17:31:00","clus","puff"
"hz","S16583",2015-05-01,"2018-01-01 17:32:00","clus","puff"
"hz","S16583",2015-05-01,"2018-01-01 17:32:00","clus","puff"
"hz","S16583",2015-05-01,"2018-01-01 17:32:00","clus","smag"
"hz","S16583",2015-05-01,"2018-01-01 17:33:00","clus","smag"
"hz","S16583",2015-05-01,"2018-01-01 17:33:00","clus","smag"
"hz","S16583",2015-05-01,"2018-01-01 17:35:00","clus","smag"
"hz","S16583",2015-05-01,"2018-01-01 17:37:00","clus","smag"
"hz","S16583",2015-05-01,"2018-01-01 17:37:00","savy","smag"
"hz","S16583",2015-05-01,"2018-01-01 17:37:00","clus","smag"
"hz","S16583",2015-05-01,"2018-01-01 17:38:00","clus","smag"
"hz","S16583",2015-05-01,"2018-01-01 17:49:00","savy","cokl"
"hz","S16583",2015-05-01,"2018-01-01 17:50:00","puff","cokl"
"hz","S16583",2015-05-01,"2018-01-01 17:53:00","clus","smag"
"hz","S16583",2015-05-01,"2018-01-01 17:53:00","clus","cokl"
"hz","S16583",2015-05-01,"2018-01-01 18:08:00","puff","cokl"
"hz","S16583",2015-05-01,"2018-01-01 18:08:00","cokl","puff"
"hz","S16583",2015-05-01,"2018-01-01 18:10:00","cokl","puff"
"hz","S16583",2015-05-01,"2018-01-01 18:10:00","cokl","puff"
"hz","S16583",2015-05-01,"2018-01-01 18:10:00","cokl","puff"
"hz","S16583",2015-05-01,"2018-01-01 18:10:00","cokl","puff"
"hz","S16583",2015-05-01,"2018-01-01 18:11:00","puff","cokl"
"hz","S16583",2015-05-01,"2018-01-01 18:11:00","clus","cokl"
"hz","S16583",2015-05-01,"2018-01-01 18:11:00","savy","cokl"
"hz","S16583",2015-05-01,"2018-01-01 18:11:00","smag","cokl"
"hz","S16583",2015-05-01,"2018-01-01 18:11:00","puff","cokl"
"hz","S16583",2015-05-01,"2018-01-01 18:11:00","savy","cokl"
"hz","S16583",2015-05-01,"2018-01-01 18:11:00","boot","cokl"
"hz","S16583",2015-05-01,"2018-01-01 18:12:00","puff","cokl"
"hz","S16583",2015-05-01,"2018-01-01 18:12:00","smag","cokl"
"hz","S16583",2015-05-01,"2018-01-01 18:19:00","clus","cokl"
"hz","S16583",2015-05-01,"2018-01-01 18:19:00","clus","boot"
"hz","S16583",2015-05-01,"2018-01-01 18:19:00","clus","cokl"
"hz","S16583",2015-05-01,"2018-01-01 18:19:00","clus","smag"
"hz","S16583",2015-05-01,"2018-01-01 18:19:00","clus","puff"
"hz","S16583",2015-05-01,"2018-01-01 18:20:00","clus","savy"
"hz","S16583",2015-05-01,"2018-01-01 18:21:00","clus","cokl"
"hz","S16583",2015-05-01,"2018-01-01 18:33:00","clus","savy"
"hz","S16583",2015-05-01,"2018-01-01 18:33:00","clus","boot"
"hz","S16583",2015-05-01,"2018-01-01 18:34:00","clus","boot"
"hz","S16583",2015-05-01,"2018-01-01 18:50:00","clus","boot"
"hz","S16589",2015-05-03,"2018-01-01 17:43:00","clus","savy"
"hz","S16589",2015-05-03,"2018-01-01 17:50:00","lole","puff"
"hz","S16589",2015-05-03,"2018-01-01 17:50:00","lole","puff"
"hz","S16589",2015-05-03,"2018-01-01 17:51:00","lole","puff"
"hz","S16589",2015-05-03,"2018-01-01 17:51:00","lole","puff"
"hz","S16589",2015-05-03,"2018-01-01 17:53:00","lole","puff"
"hz","S16589",2015-05-03,"2018-01-01 18:04:00","clus","smag"
"hz","S16589",2015-05-03,"2018-01-01 18:15:00","clus","smag"
"hz","S16589",2015-05-03,"2018-01-01 18:15:00","clus","puff"
"hz","S16589",2015-05-03,"2018-01-01 18:15:00","clus","puff"
"hz","S16589",2015-05-03,"2018-01-01 18:15:00","clus","puff"
"hz","S16589",2015-05-03,"2018-01-01 18:15:00","clus","puff"
"hz","S16589",2015-05-03,"2018-01-01 18:16:00","clus","smag"
"hz","S16589",2015-05-03,"2018-01-01 18:16:00","lole","savy"
"hz","S16589",2015-05-03,"2018-01-01 18:16:00","clus","boot"
"hz","S16589",2015-05-03,"2018-01-01 18:20:00","clus","boot"
"hz","S16589",2015-05-03,"2018-01-01 18:20:00","clus","boot"
"hz","S16589",2015-05-03,"2018-01-01 18:20:00","clus","boot"
"hz","S16591",2015-05-04,"2018-01-01 07:21:00","savy","cokl"
"hz","S16597",2015-05-05,"2018-01-01 17:42:00","smag","cokl"
"hz","S16597",2015-05-05,"2018-01-01 17:44:00","smag","cokl"
"hz","S16597",2015-05-05,"2018-01-01 17:45:00","savy","cokl"
"hz","S16597",2015-05-05,"2018-01-01 17:45:00","puff","smag"
"hz","S16597",2015-05-05,"2018-01-01 17:45:00","puff","cokl"
"hz","S16597",2015-05-05,"2018-01-01 17:45:00","puff","cokl"
"hz","S16597",2015-05-05,"2018-01-01 17:45:00","puff","cokl"
"hz","S16597",2015-05-05,"2018-01-01 17:45:00","puff","cokl"
"hz","S16597",2015-05-05,"2018-01-01 17:45:00","puff","cokl"
"hz","S16597",2015-05-05,"2018-01-01 17:46:00","savy","cokl"
"hz","S16597",2015-05-05,"2018-01-01 17:46:00","puff","cokl"
"hz","S16597",2015-05-05,"2018-01-01 17:46:00","savy","smag"
"hz","S16597",2015-05-05,"2018-01-01 17:47:00","lole","cokl"
"hz","S16597",2015-05-05,"2018-01-01 17:47:00","puff","cokl"
"hz","S16597",2015-05-05,"2018-01-01 17:47:00","cokl","puff"
"hz","S16597",2015-05-05,"2018-01-01 17:48:00","puff","cokl"
"hz","S16597",2015-05-05,"2018-01-01 17:48:00","puff","cokl"
"hz","S16597",2015-05-05,"2018-01-01 17:48:00","savy","cokl"
"hz","S16597",2015-05-05,"2018-01-01 17:48:00","savy","cokl"
"hz","S16597",2015-05-05,"2018-01-01 17:50:00","savy","cokl"
"hz","S16597",2015-05-05,"2018-01-01 17:50:00","puff","cokl"
"hz","S16597",2015-05-05,"2018-01-01 17:57:00","savy","cokl"
"hz","S16600",2015-05-06,"2018-01-01 17:40:00","cokl","puff"
"hz","S16600",2015-05-06,"2018-01-01 17:40:00","puff","cokl"
"hz","S16600",2015-05-06,"2018-01-01 17:42:00","savy","boot"
"hz","S16600",2015-05-06,"2018-01-01 17:42:00","clus","savy"
"hz","S16600",2015-05-06,"2018-01-01 17:42:00","clus","savy"
"hz","S16600",2015-05-06,"2018-01-01 17:43:00","boot","puff"
"hz","S16600",2015-05-06,"2018-01-01 17:45:00","savy","boot"
"hz","S16600",2015-05-06,"2018-01-01 17:46:00","savy","boot"
"hz","S16600",2015-05-06,"2018-01-01 17:46:00","savy","boot"
"hz","S16600",2015-05-06,"2018-01-01 17:53:00","clus","smag"
"hz","S16600",2015-05-06,"2018-01-01 17:53:00","clus","smag"
"hz","S16600",2015-05-06,"2018-01-01 17:53:00","clus","smag"
"hz","S16600",2015-05-06,"2018-01-01 17:53:00","clus","smag"
"hz","S16600",2015-05-06,"2018-01-01 17:54:00","clus","cokl"
"hz","S16600",2015-05-06,"2018-01-01 17:54:00","clus","cokl"
"hz","S16600",2015-05-06,"2018-01-01 17:56:00","lole","savy"
"hz","S16600",2015-05-06,"2018-01-01 17:56:00","clus","boot"
"hz","S16600",2015-05-06,"2018-01-01 17:56:00","clus","boot"
"hz","S16600",2015-05-06,"2018-01-01 18:17:00","clus","smag"
"hz","S16600",2015-05-06,"2018-01-01 18:17:00","clus","smag"
"hz","S16600",2015-05-06,"2018-01-01 18:18:00","lole","boot"
"hz","S16600",2015-05-06,"2018-01-01 18:18:00","smag","boot"
"hz","S16600",2015-05-06,"2018-01-01 18:19:00","lole","boot"
"hz","S16600",2015-05-06,"2018-01-01 18:27:00","clus","savy"
"hz","S16600",2015-05-06,"2018-01-01 18:27:00","clus","savy"
"hz","S16600",2015-05-06,"2018-01-01 18:34:00","clus","savy"
"hz","S16600",2015-05-06,"2018-01-01 18:34:00","clus","puff"
"hz","S16600",2015-05-06,"2018-01-01 18:34:00","puff","savy"
"hz","S16600",2015-05-06,"2018-01-01 18:34:00","clus","puff"
"hz","S16600",2015-05-06,"2018-01-01 18:37:00","savy","smag"
"hz","S16609",2015-05-11,"2018-01-01 06:55:00","smag","boot"
"hz","S16609",2015-05-11,"2018-01-01 07:12:00","clus","smag"
"hz","S16609",2015-05-11,"2018-01-01 07:13:00","clus","boot"
"hz","S16609",2015-05-11,"2018-01-01 07:28:00","puff","smag"
"hz","S16609",2015-05-11,"2018-01-01 07:28:00","lole","smag"
"hz","S16609",2015-05-11,"2018-01-01 07:28:00","lole","puff"
"hz","S16609",2015-05-11,"2018-01-01 07:28:00","clus","savy"
"hz","S16609",2015-05-11,"2018-01-01 07:32:00","savy","boot"
"hz","S16611",2015-05-11,"2018-01-01 17:48:00","lole","puff"
"hz","S16611",2015-05-11,"2018-01-01 17:49:00","smag","cokl"
"hz","S16611",2015-05-11,"2018-01-01 17:49:00","lole","boot"
"hz","S16611",2015-05-11,"2018-01-01 17:49:00","puff","cokl"
"hz","S16611",2015-05-11,"2018-01-01 17:49:00","lole","boot"
"hz","S16611",2015-05-11,"2018-01-01 17:49:00","lole","boot"
"hz","S16611",2015-05-11,"2018-01-01 17:50:00","lole","puff"
"hz","S16611",2015-05-11,"2018-01-01 17:50:00","puff","cokl"
"hz","S16611",2015-05-11,"2018-01-01 17:50:00","boot","cokl"
"hz","S16611",2015-05-11,"2018-01-01 17:50:00","puff","cokl"
"hz","S16611",2015-05-11,"2018-01-01 17:55:00","puff","cokl"
"hz","S16611",2015-05-11,"2018-01-01 17:55:00","puff","cokl"
"hz","S16611",2015-05-11,"2018-01-01 17:55:00","lole","smag"
"hz","S16611",2015-05-11,"2018-01-01 17:55:00","lole","boot"
"hz","S16611",2015-05-11,"2018-01-01 17:56:00","lole","boot"
"hz","S16611",2015-05-11,"2018-01-01 17:56:00","lole","cokl"
"hz","S16611",2015-05-11,"2018-01-01 17:56:00","lole","smag"
"hz","S16611",2015-05-11,"2018-01-01 17:56:00","lole","smag"
"hz","S16611",2015-05-11,"2018-01-01 17:56:00","smag","cokl"
"hz","S16611",2015-05-11,"2018-01-01 17:56:00","lole","boot"
"hz","S16611",2015-05-11,"2018-01-01 17:57:00","lole","boot"
"hz","S16611",2015-05-11,"2018-01-01 17:57:00","lole","smag"
"hz","S16611",2015-05-11,"2018-01-01 17:57:00","smag","boot"
"hz","S16611",2015-05-11,"2018-01-01 17:57:00","smag","cokl"
"hz","S16611",2015-05-11,"2018-01-01 17:57:00","puff","cokl"
"hz","S16611",2015-05-11,"2018-01-01 17:57:00","lole","smag"
"hz","S16611",2015-05-11,"2018-01-01 17:58:00","smag","cokl"
"hz","S16611",2015-05-11,"2018-01-01 17:58:00","smag","cokl"
"hz","S16611",2015-05-11,"2018-01-01 17:59:00","lole","cokl"
"hz","S16611",2015-05-11,"2018-01-01 17:59:00","clus","cokl"
"hz","S16611",2015-05-11,"2018-01-01 18:00:00","clus","cokl"
"hz","S16611",2015-05-11,"2018-01-01 18:00:00","smag","cokl"
"hz","S16614",2015-05-12,"2018-01-01 18:37:00","savy","cokl"
"hz","S16614",2015-05-12,"2018-01-01 18:37:00","puff","cokl"
"hz","S16614",2015-05-12,"2018-01-01 18:38:00","smag","boot"
"hz","S16614",2015-05-12,"2018-01-01 18:38:00","smag","cokl"
"hz","S16614",2015-05-12,"2018-01-01 18:38:00","puff","cokl"
"hz","S16614",2015-05-12,"2018-01-01 18:39:00","smag","boot"
"hz","S16614",2015-05-12,"2018-01-01 18:40:00","smag","cokl"
"hz","S16614",2015-05-12,"2018-01-01 18:44:00","puff","cokl"
"hz","S16614",2015-05-12,"2018-01-01 18:44:00","puff","cokl"
"hz","S16614",2015-05-12,"2018-01-01 18:45:00","smag","cokl"
"hz","S16614",2015-05-12,"2018-01-01 18:54:00","lole","savy"
"hz","S16626",2015-05-17,"2018-01-01 18:17:00","clus","savy"
"hz","S16626",2015-05-17,"2018-01-01 18:21:00","puff","boot"
"hz","S16626",2015-05-17,"2018-01-01 18:48:00","puff","cokl"
"hz","S16626",2015-05-17,"2018-01-01 18:48:00","puff","cokl"
"hz","S16626",2015-05-17,"2018-01-01 18:48:00","puff","cokl"
"hz","S16626",2015-05-17,"2018-01-01 18:49:00","puff","cokl"
"hz","S16626",2015-05-17,"2018-01-01 18:49:00","puff","cokl"
"hz","S16626",2015-05-17,"2018-01-01 18:50:00","puff","cokl"
"hz","S16626",2015-05-17,"2018-01-01 18:56:00","puff","boot"
"hz","S16626",2015-05-17,"2018-01-01 18:56:00","smag","boot"
"hz","S16626",2015-05-17,"2018-01-01 18:56:00","puff","boot"
"hz","S16626",2015-05-17,"2018-01-01 18:56:00","puff","savy"
"hz","S16626",2015-05-17,"2018-01-01 19:02:00","savy","boot"
"hz","S16626",2015-05-17,"2018-01-01 19:03:00","smag","savy"
"hz","S16635",2015-05-21,"2018-01-01 06:32:00","lole","puff"
"hz","S16635",2015-05-21,"2018-01-01 06:32:00","lole","puff"
"hz","S16635",2015-05-21,"2018-01-01 06:45:00","savy","cokl"
"hz","S16635",2015-05-21,"2018-01-01 06:48:00","clus","savy"
"hz","S16639",2015-05-21,"2018-01-01 18:05:00","puff","cokl"
"hz","S16639",2015-05-21,"2018-01-01 18:10:00","savy","cokl"
"hz","S16639",2015-05-21,"2018-01-01 18:12:00","smag","cokl"
"hz","S16639",2015-05-21,"2018-01-01 18:12:00","boot","cokl"
"hz","S16639",2015-05-21,"2018-01-01 18:12:00","boot","cokl"
"hz","S16639",2015-05-21,"2018-01-01 18:23:00","boot","cokl"
"hz","S16639",2015-05-21,"2018-01-01 18:27:00","cokl","puff"
"hz","S16639",2015-05-21,"2018-01-01 18:27:00","cokl","puff"
"hz","S16639",2015-05-21,"2018-01-01 18:27:00","puff","cokl"
"hz","S16639",2015-05-21,"2018-01-01 18:27:00","puff","cokl"
"hz","S16659",2015-05-28,"2018-01-01 07:14:00","smag","puff"
"hz","S16659",2015-05-28,"2018-01-01 07:14:00","smag","puff"
"hz","S16662",2015-05-28,"2018-01-01 18:17:00","puff","boot"
"hz","S16545",2015-06-22,"2018-01-01 06:55:00","savy","boot"
"hz","S16834",2015-07-08,"2018-01-01 18:43:00","savy","boot"
"hz","S16834",2015-07-08,"2018-01-01 18:44:00","savy","boot"
